name,datetime,tempmax,tempmin,temp,feelslikemax,feelslikemin,feelslike,dew,humidity,precip,precipprob,precipcover,preciptype,snow,snowdepth,windgust,windspeed,winddir,sealevelpressure,cloudcover,visibility,solarradiation,solarenergy,uvindex,severerisk,sunrise,sunset,moonphase,conditions,description,icon,stations
united kingdom,10/25/2022,62.9,52.4,57.4,62.9,52.4,57.4,52.9,85.2,0,14.3,0,rain,0,0,24.2,9.6,193.9,1011,74.3,6.9,37.9,3.3,2,10,2022-10-25T07:41:31,2022-10-25T17:46:51,0,Partially cloudy,Partly cloudy throughout the day.,partly-cloudy-day,"EGWU,EGLL,D5621,EGLC"
united kingdom,10/26/2022,65.6,58.6,61.3,65.6,58.6,61.3,55.7,82.4,0.01,19,4.17,rain,0,0,34.4,14.8,200.2,1011,75.1,15,85.6,7.4,4,10,2022-10-26T07:43:16,2022-10-26T17:44:53,0.01,Partially cloudy,Partly cloudy throughout the day.,partly-cloudy-day,
united kingdom,10/27/2022,66.6,59.3,61.8,66.6,59.3,61.8,58.1,87.8,0.1,19,4.17,rain,0,0,30.2,11.2,175.2,1015,86.8,15,28,2.4,1,10,2022-10-27T07:45:02,2022-10-27T17:42:57,0.03,Partially cloudy,Partly cloudy throughout the day.,partly-cloudy-day,
united kingdom,10/28/2022,64.8,53.9,60.9,64.8,53.9,60.9,54.6,80.2,0,19,0,,0,0,32.7,13.6,207.3,1015.5,90.5,15,53.3,4.6,2,10,2022-10-28T07:46:47,2022-10-28T17:41:02,0.06,Overcast,Cloudy skies throughout the day.,cloudy,
united kingdom,10/29/2022,66.1,53.5,60.4,66.1,53.5,60.4,55.9,85.4,0.42,42.9,8.33,rain,0,0,28,12.1,171.6,1014,98.7,14.5,62.3,5.3,3,10,2022-10-29T07:48:33,2022-10-29T17:39:08,0.1,Overcast,Cloudy skies throughout the day.,cloudy,
united kingdom,10/30/2022,64.1,58.6,61.1,64.1,58.6,61.1,55.4,82.3,0.35,42.9,16.67,rain,0,0,17,8.9,222.6,1013.7,99.9,15,58.2,5.3,2,10,2022-10-30T06:50:18,2022-10-30T16:37:16,0.14,Overcast,Cloudy skies throughout the day.,cloudy,
united kingdom,10/31/2022,62.1,56.7,58.8,62.1,56.7,58.8,53.7,83.5,0.11,42.9,12.5,rain,0,0,13.4,6.3,83.2,1017,95.1,14.5,73.1,6.2,3,10,2022-10-31T06:52:04,2022-10-31T16:35:25,0.21,Overcast,Cloudy skies throughout the day.,cloudy,
united kingdom,11/1/2022,62.9,54.8,58.5,62.9,54.8,58.5,52.8,81.5,0,38.1,0,,0,0,25.3,9.8,170.4,1012.9,56.4,15,53.9,4.5,2,10,2022-11-01T06:53:50,2022-11-01T16:33:36,0.26,Partially cloudy,Partly cloudy throughout the day.,partly-cloudy-day,
united kingdom,11/2/2022,61.1,54.4,58.6,61.1,54.4,58.6,52.4,79.8,0.21,42.9,20.83,rain,0,0,42.3,24.8,192.1,1001.8,91.9,12.7,42,3.6,2,10,2022-11-02T06:55:36,2022-11-02T16:31:48,0.32,Overcast,Cloudy skies throughout the day.,cloudy,
united kingdom,11/3/2022,59.3,51.2,55,59.3,51.2,55,47.4,75.7,0.15,33.3,16.67,rain,0,0,36.2,17.9,213.7,1009.2,92.3,14,40.6,3.8,2,10,2022-11-03T06:57:23,2022-11-03T16:30:02,0.37,Overcast,Cloudy skies throughout the day.,cloudy,
united kingdom,11/4/2022,54.9,49.2,52.6,54.9,45.8,52,43.8,72.3,0.05,42.9,4.17,rain,0,0,40.4,19.5,217.8,1009.9,39,15,83.1,7.2,3,10,2022-11-04T06:59:09,2022-11-04T16:28:17,0.42,Partially cloudy,Partly cloudy throughout the day.,partly-cloudy-day,
united kingdom,11/5/2022,55.1,45.5,50.4,55.1,41.4,48.7,44.7,80.9,1.09,42.9,25,rain,0,0,42.1,20.4,218,999.3,60.2,10.3,65,5.4,3,10,2022-11-05T07:00:55,2022-11-05T16:26:34,0.45,Partially cloudy,Partly cloudy throughout the day.,partly-cloudy-day,
united kingdom,11/6/2022,51.7,43.4,46.4,51.7,39.6,43.2,40.6,80.3,0.02,38.1,4.17,rain,0,0,21.7,11,237.9,1002.8,46.6,14.9,65.3,5.9,3,10,2022-11-06T07:02:41,2022-11-06T16:24:53,0.48,Partially cloudy,Partly cloudy throughout the day.,partly-cloudy-day,
united kingdom,11/7/2022,52.1,42.7,47.6,52.1,39.3,45.8,41.4,78.9,0.02,38.1,4.17,rain,0,0,29.1,12.1,133.9,999.1,87.2,15,54.1,4.8,2,10,2022-11-07T07:04:27,2022-11-07T16:23:14,0.49,Partially cloudy,Partly cloudy throughout the day.,partly-cloudy-day,
united kingdom,11/8/2022,52.2,47.7,49.8,52.2,43,47.5,41.5,74,0,38.1,0,rain,0,0,26.4,11.8,234.7,990,77,15,55.6,4.7,2,10,2022-11-08T07:06:13,2022-11-08T16:21:37,0.5,Partially cloudy,Partly cloudy throughout the day.,partly-cloudy-day,
united kingdom,11/9/2022,51.9,44,47.9,0,0,38.2,41.8,80.1,0.11,0,0,,,,31.8,12.5,208.3,1012.9,24.9,9.4,,,,,2022-11-09T07:07:58,2022-11-09T16:20:02,0.51,Partially cloudy,,partly-cloudy-day,
united kingdom,11/10/2022,53.9,44.5,49.4,0,0,39.5,43.1,79.9,0.14,4.8,2,,,,32.4,12.1,218.1,1014.4,20.7,9.3,,,,,2022-11-10T07:09:44,2022-11-10T16:18:28,0.53,Partially cloudy,,partly-cloudy-day,
united kingdom,11/11/2022,54.2,45.6,50.1,0,0,40.4,44,80,0.13,0,0,,,,31.8,13,204.4,1013,22.8,8.8,,,,,2022-11-11T07:11:29,2022-11-11T16:16:57,0.54,Partially cloudy,,partly-cloudy-day,
united kingdom,11/12/2022,53.7,46.1,50.3,0,0,40.2,44,79.7,0.13,0,0,,,,30.4,13,225.2,1013.1,21.4,8.9,,,,,2022-11-12T07:13:13,2022-11-12T16:15:27,0.58,Partially cloudy,,partly-cloudy-day,
united kingdom,11/13/2022,53.3,44.1,48.6,0,0,37.8,42.2,78.8,0.06,0,0,,,,32.2,12.5,203.3,1016,15.7,10.3,,,,,2022-11-13T07:14:58,2022-11-13T16:14:00,0.62,Clear,,clear-day,
united kingdom,11/14/2022,53.1,44.7,49,0,0,39.5,42.7,79.5,0.1,0,0,,,,35.3,12.8,201.9,1014.8,18.8,9.3,,,,,2022-11-14T07:16:41,2022-11-14T16:12:35,0.66,Clear,,clear-day,
united kingdom,11/15/2022,53.7,45.6,49.4,0,0,38.7,43.2,80.5,0.05,0,0,,,,30,8.7,201.9,1016.5,20,8.6,,,,,2022-11-15T07:18:25,2022-11-15T16:11:12,0.7,Clear,,clear-day,
united kingdom,11/16/2022,52.2,44.3,48.5,0,0,40,42.7,81.1,0.07,0,0,,,,28.9,10.5,201.2,1015.7,22.7,8.3,,,,,2022-11-16T07:20:08,2022-11-16T16:09:52,0.75,Partially cloudy,,partly-cloudy-day,
united kingdom,11/17/2022,52.2,44.3,47.9,0,0,39.3,41.8,79.6,0.12,4.8,2,,,,48.3,11.9,207.7,1014.5,26.2,9,,,,,2022-11-17T07:21:50,2022-11-17T16:08:34,0.8,Partially cloudy,,partly-cloudy-day,
united kingdom,11/18/2022,51.7,42.9,47.6,0,0,35.5,41.4,80.3,0.09,4.8,2,,,,38.9,12.8,199.5,1013,24.4,9.1,,,,,2022-11-18T07:23:31,2022-11-18T16:07:18,0.85,Partially cloudy,,partly-cloudy-day,
united kingdom,11/19/2022,50.6,41.8,46.3,0,0,35.9,40.2,80.1,0.13,4.8,2,,,,29.1,11.2,186,1014.8,24.6,9.1,,,,,2022-11-19T07:25:11,2022-11-19T16:06:05,0.89,Partially cloudy,,partly-cloudy-day,
united kingdom,11/20/2022,50.1,42.9,46.7,0,0,37.3,41.4,82.4,0.12,9.5,4,,,,34.4,12.1,187.2,1012.5,26.8,7.6,,,,,2022-11-20T07:26:51,2022-11-20T16:04:54,0.93,Partially cloudy,,partly-cloudy-day,
united kingdom,11/21/2022,50.8,42.9,46.8,0,0,38.2,41.4,82.1,0.13,4.8,2,,,,35.8,11.9,173.8,1009.1,29.3,7.5,,,,,2022-11-21T07:28:30,2022-11-21T16:03:46,0.97,Partially cloudy,,partly-cloudy-day,
united kingdom,11/22/2022,51.3,43.6,47.7,0,0,37.5,41.6,79.7,0.14,4.8,2,,,,39.1,13.2,202.5,1009.1,27.7,8.8,,,,,2022-11-22T07:30:08,2022-11-22T16:02:41,0.99,Partially cloudy,,partly-cloudy-day,
united kingdom,11/23/2022,50.4,42.5,46.3,0,0,36.9,40.7,81.5,0.22,0,0,,,,40.9,11.9,217.9,1012.2,24.1,8,,,,,2022-11-23T07:31:44,2022-11-23T16:01:38,1,Partially cloudy,,partly-cloudy-day,
united kingdom,11/24/2022,51,42.9,47.2,0,0,38.6,41.8,81.8,0.06,0,0,,,,31.3,12.3,202.5,1013.8,24.8,8.3,,,,,2022-11-24T07:33:20,2022-11-24T16:00:38,0,Partially cloudy,,partly-cloudy-day,
united kingdom,11/25/2022,50.8,43.2,47.2,0,0,38,40.9,79,0.07,0,0,,,,47.2,13.6,222.4,1012.3,25.9,9.9,,,,,2022-11-25T07:34:54,2022-11-25T15:59:41,0.02,Partially cloudy,,partly-cloudy-day,
united kingdom,11/26/2022,50.4,42.9,46.7,0,0,38,40.7,79.9,0.08,0,0,,,,25.7,11.6,231.1,1012.7,20.4,9.4,,,,,2022-11-26T07:36:27,2022-11-26T15:58:46,0.04,Partially cloudy,,partly-cloudy-day,
united kingdom,11/27/2022,51,43.8,47.6,0,0,38.6,42,81.5,0.06,0,0,,,,32,11.9,221.5,1010.9,24.9,9.4,,,,,2022-11-27T07:37:58,2022-11-27T15:57:55,0.08,Partially cloudy,,partly-cloudy-day,
united kingdom,11/28/2022,51,43.4,47.4,0,0,36.4,40.9,79,0.09,4.8,2,,,,33.3,12.8,215.1,1010.3,23.8,9.8,,,,,2022-11-28T07:39:28,2022-11-28T15:57:06,0.13,Partially cloudy,,partly-cloudy-day,
united kingdom,11/29/2022,50.3,43.1,46.8,0,0,36.4,40.9,80.4,0.09,0,0,,,,38,12.1,213,1011,24.5,8.9,,,,,2022-11-29T07:40:57,2022-11-29T15:56:21,0.19,Partially cloudy,,partly-cloudy-day,
united kingdom,11/30/2022,49.5,41.3,45.8,0,0,34.8,40,81,0.08,4.8,2,,,,33.8,12.1,207.6,1013.6,22.5,8.1,,,,,2022-11-30T07:42:23,2022-11-30T15:55:38,0.24,Partially cloudy,,partly-cloudy-day,
united kingdom,12/1/2022,50.1,41.8,46.1,0,0,36,40,79.8,0.13,4.8,2,,,,28.9,12.5,199.1,1012,26.1,8.6,,,,,2022-12-01T07:43:48,2022-12-01T15:54:59,0.3,Partially cloudy,,partly-cloudy-day,
united kingdom,12/2/2022,49,42.5,45.8,0,0,36.2,39.5,79.3,0.06,0,0,,,0.39,36,12.1,200.9,1012.4,23.3,8.8,,,,,2022-12-02T07:45:11,2022-12-02T15:54:22,0.35,Partially cloudy,,partly-cloudy-day,
united kingdom,12/3/2022,49.4,41.8,45.8,0,0,36,39.5,79.2,0.06,0,0,,,0.39,33.6,13.4,212.5,1011.9,23,8.8,,,,,2022-12-03T07:46:32,2022-12-03T15:53:49,0.4,Partially cloudy,,partly-cloudy-day,
united kingdom,12/4/2022,49.7,41.1,45.6,0,0,36.4,39.3,79.4,0.06,0,0,,,,33.3,12.8,216.3,1012.8,24.3,9.9,,,,,2022-12-04T07:47:51,2022-12-04T15:53:19,0.44,Partially cloudy,,partly-cloudy-day,
united kingdom,12/5/2022,50.3,42,46.1,0,0,35.7,39.8,79.2,0.08,0,0,,,,36.2,13.6,224.9,1013.5,22,9.9,,,,,2022-12-05T07:49:08,2022-12-05T15:52:53,0.47,Partially cloudy,,partly-cloudy-day,
united kingdom,12/6/2022,49.7,42.7,46.5,0,0,36.2,40.2,79.2,0.06,4.8,2,,,,32.9,14.3,218.6,1015.7,24.2,9.3,,,,,2022-12-06T07:50:23,2022-12-06T15:52:29,0.49,Partially cloudy,,partly-cloudy-day,
united kingdom,12/7/2022,50.6,42.3,46.7,0,0,36.4,40,78.2,0.08,0,0,,,,36.2,14.8,206.8,1014.2,19.9,9.4,,,,,2022-12-07T07:51:36,2022-12-07T15:52:09,0.5,Clear,,clear-day,
united kingdom,12/8/2022,49.5,41.4,45.6,0,0,34.8,39.5,79.3,0.08,0,0,,,,38.5,15,208.6,1014.3,23.6,8.7,,,,,2022-12-08T07:52:46,2022-12-08T15:51:52,0.5,Partially cloudy,,partly-cloudy-day,
united kingdom,12/9/2022,48.6,40,44.3,0,0,33,37.8,78,0.02,0,0,,,,31.8,13.9,216.3,1017.9,16.9,8.6,,,,,2022-12-09T07:53:54,2022-12-09T15:51:39,0.51,Clear,,clear-day,
united kingdom,12/10/2022,47.7,39.6,43.6,0,0,33,37.7,80.1,0.08,4.8,2,,,0.79,37.4,12.3,223.6,1019.3,21.8,7.8,,,,,2022-12-10T07:54:59,2022-12-10T15:51:29,0.53,Partially cloudy,,partly-cloudy-day,
united kingdom,12/11/2022,47.6,39.6,43.6,0,0,34.4,38.7,83,0.1,0,0,,,,28.9,11.9,206,1018.5,22.1,6.8,,,,,2022-12-11T07:56:02,2022-12-11T15:51:22,0.55,Partially cloudy,,partly-cloudy-day,
united kingdom,12/12/2022,48.6,38.2,43.8,0,0,33.2,38.7,82.4,0.06,0,0,,,,32.9,11.9,173.5,1017.1,29.6,7.6,,,,,2022-12-12T07:57:02,2022-12-12T15:51:19,0.59,Partially cloudy,,partly-cloudy-day,
united kingdom,12/13/2022,48.1,40.9,44.3,0,0,33.9,38.7,81.4,0.12,0,0,,,,37.8,13.9,180.1,1014.3,25.8,7.9,,,,,2022-12-13T07:57:59,2022-12-13T15:51:19,0.62,Partially cloudy,,partly-cloudy-day,
united kingdom,12/14/2022,47,39.6,43.8,0,0,34.6,37.3,78.4,0.05,0,0,,,,34.9,13,195.3,1014.2,16.3,8.6,,,,,2022-12-14T07:58:53,2022-12-14T15:51:22,0.67,Clear,,clear-day,
united kingdom,12/15/2022,47.2,40.9,44.1,0,0,32.4,37.8,79.3,0.1,0,0,,,,31.5,12.3,204.9,1015.4,17.5,9.1,,,,,2022-12-15T07:59:45,2022-12-15T15:51:29,0.71,Clear,,clear-day,
united kingdom,12/16/2022,47.2,39.5,43.4,0,0,32.8,37.7,80.4,0.09,0,0,,,,30.9,11.2,222.1,1015.2,24.8,8.8,,,,,2022-12-16T08:00:34,2022-12-16T15:51:40,0.76,Partially cloudy,,partly-cloudy-day,
united kingdom,12/17/2022,46.3,38,42.7,0,0,31.7,37.1,81,0.11,0,0,,,0.39,28,12.3,215.8,1016.6,20.3,9.4,,,,,2022-12-17T08:01:19,2022-12-17T15:51:53,0.81,Partially cloudy,,partly-cloudy-day,
united kingdom,12/18/2022,46.8,39.1,43.2,0,0,32.4,37.5,80.6,0.02,0,0,,,1.81,32.7,11.2,180.7,1018.3,16.8,8.6,,,,,2022-12-18T08:02:02,2022-12-18T15:52:11,0.86,Clear,,clear-day,
united kingdom,12/19/2022,46.5,39.1,42.9,0,0,32.4,37.3,80.9,0.09,0,0,,,4.33,26.6,10.7,203.9,1017.8,18.2,8.3,,,,,2022-12-19T08:02:41,2022-12-19T15:52:31,0.91,Clear,,clear-day,
united kingdom,12/20/2022,46.8,38.7,43.2,0,0,32.4,37.7,81.4,0.13,0,0,,,4.17,32.2,10.7,202.3,1017.1,22.5,8.4,,,,,2022-12-20T08:03:18,2022-12-20T15:52:55,0.95,Partially cloudy,,partly-cloudy-day,
united kingdom,12/21/2022,48.3,41.3,44.9,0,0,34.6,40.2,84,0.07,0,0,,,4.09,37.6,11.2,208.4,1016.3,23.3,7.8,,,,,2022-12-21T08:03:51,2022-12-21T15:53:22,0.98,Partially cloudy,,partly-cloudy-day,
united kingdom,12/22/2022,49,42,45.8,0,0,34.2,40.7,83,0.13,0,0,,,2.68,36.2,11.6,234.7,1016.7,21.4,8.9,,,,,2022-12-22T08:04:21,2022-12-22T15:53:53,1,Partially cloudy,,partly-cloudy-day,
united kingdom,12/23/2022,49.9,42.3,46.5,0,0,35.7,41.3,82.2,0.08,0,0,,,2.72,34.7,12.5,217,1017,24.9,8.5,,,,,2022-12-23T08:04:48,2022-12-23T15:54:27,0,Partially cloudy,,partly-cloudy-day,
united kingdom,12/24/2022,50.3,43.1,47,0,0,37.7,41.3,80.8,0.12,0,0,,,2.6,35.3,13.4,214.4,1013.9,26.7,9.1,,,,,2022-12-24T08:05:11,2022-12-24T15:55:04,0.01,Partially cloudy,,partly-cloudy-day,
united kingdom,12/25/2022,48.1,40.9,44.5,0,0,33.3,38.7,80.4,0.08,0,0,,,,35.6,12.5,201.2,1014,22.8,11.3,,,,,2022-12-25T08:05:31,2022-12-25T15:55:44,0.03,Partially cloudy,,partly-cloudy-day,
united kingdom,12/26/2022,47.6,39.6,43.8,0,0,32.3,38,80.8,0.09,0,0,,,,36.2,13,197.8,1013.6,20.8,10.9,,,,,2022-12-26T08:05:48,2022-12-26T15:56:28,0.07,Partially cloudy,,partly-cloudy-day,
united kingdom,12/27/2022,46.8,40.2,43.4,0,0,32.8,37.5,80,0.08,0,0,,,1.69,41.2,11.9,213.5,1011.9,21.5,10.7,,,,,2022-12-27T08:06:01,2022-12-27T15:57:15,0.11,Partially cloudy,,partly-cloudy-day,
united kingdom,12/28/2022,46.5,39.1,42.9,0,0,32.6,36.6,79.5,0.04,4.8,2,,,0.63,30,12.3,201.3,1014.7,17.5,10.4,,,,,2022-12-28T08:06:11,2022-12-28T15:58:04,0.16,Clear,,clear-day,
united kingdom,12/29/2022,46.8,38.2,42.3,0,0,32.4,37.3,82.5,0.12,4.8,2,,,0.39,29.3,13,207.3,1015.8,19.7,8.3,,,,,2022-12-29T08:06:18,2022-12-29T15:58:57,0.22,Clear,,clear-day,
united kingdom,12/30/2022,48.1,39.8,44,0,0,33.9,39.1,83.7,0.15,4.8,2,,,0.39,37.6,11.6,205.2,1016.4,23.1,7.6,,,,,2022-12-30T08:06:21,2022-12-30T15:59:52,0.27,Partially cloudy,,partly-cloudy-day,
united kingdom,12/31/2022,47.7,41.3,44.7,0,0,36.4,39.1,81.2,0.11,0,0,,,0.39,36.5,12.1,198.1,1016.7,31.5,9,,,,,2022-12-31T08:06:21,2022-12-31T16:00:51,0.33,Partially cloudy,,partly-cloudy-day,
united kingdom,1/1/2023,49,41.3,45.4,0,0,36.2,39.8,81.1,0.17,4.8,2,,,,35.1,12.1,214.5,1013.2,28.6,9.4,,,,,2023-01-01T08:06:18,2023-01-01T16:01:52,0.37,Partially cloudy,,partly-cloudy-day,
united kingdom,1/2/2023,47.7,39.8,43.8,0,0,33,37.1,77.8,0.11,0,0,,,,32.2,12.8,215.2,1015.6,27.8,9.8,,,,,2023-01-02T08:06:11,2023-01-02T16:02:56,0.41,Partially cloudy,,partly-cloudy-day,
united kingdom,1/3/2023,47,39.1,43.1,0,0,32.6,36.4,77.7,0.11,4.8,2,,,,39.1,13.2,193.5,1016,28.1,9.6,,,,,2023-01-03T08:06:01,2023-01-03T16:04:03,0.45,Partially cloudy,,partly-cloudy-day,
united kingdom,1/4/2023,46.8,39.5,43.1,0,0,33.9,37.1,79.6,0.06,0,0,,,,34.7,13.6,214.7,1015,26.8,8.8,,,,,2023-01-04T08:05:48,2023-01-04T16:05:12,0.47,Partially cloudy,,partly-cloudy-day,
united kingdom,1/5/2023,47.7,40.2,44.1,0,0,34.8,38.2,80.3,0.04,0,0,,,,37.6,12.3,212.1,1013.5,27.2,8.5,,,,,2023-01-05T08:05:31,2023-01-05T16:06:24,0.49,Partially cloudy,,partly-cloudy-day,
united kingdom,1/6/2023,47.6,40,44,0,0,34.6,38.2,80.6,0.13,0,0,,,1.89,33.1,10.7,191.8,1015.7,26.1,8.3,,,,,2023-01-06T08:05:11,2023-01-06T16:07:38,0.5,Partially cloudy,,partly-cloudy-day,
united kingdom,1/7/2023,47.9,40.5,44.3,0,0,33.9,38.4,80,0.08,4.8,2,,,2.48,38.5,13.2,209.3,1016.5,29.2,8.9,,,,,2023-01-07T08:04:47,2023-01-07T16:08:55,0.5,Partially cloudy,,partly-cloudy-day,
united kingdom,1/8/2023,48.1,40.7,44.5,0,0,35,38.4,79.9,0.1,4.8,2,,,2.36,36.5,13.6,200.2,1015.9,23.8,9.2,,,,,2023-01-08T08:04:21,2023-01-08T16:10:14,0.52,Partially cloudy,,partly-cloudy-day,
united kingdom,1/9/2023,47.4,39.6,43.6,0,0,33.2,37.8,80.4,0.05,0,0,,,1.97,38,12.8,201.8,1016.7,19.7,8.9,,,,,2023-01-09T08:03:51,2023-01-09T16:11:35,0.53,Clear,,clear-day,
united kingdom,1/10/2023,47.6,40,44,0,0,35.5,38.7,82.3,0.08,0,0,,,1.61,42.7,13,207.2,1016.3,27,8,,,,,2023-01-10T08:03:18,2023-01-10T16:12:58,0.55,Partially cloudy,,partly-cloudy-day,
united kingdom,1/11/2023,47.4,40.2,44.1,0,0,35.1,37.8,79.5,0.11,0,0,,,0.87,34.2,13.9,219.1,1016.9,26.8,8.5,,,,,2023-01-11T08:02:42,2023-01-11T16:14:23,0.59,Partially cloudy,,partly-cloudy-day,
united kingdom,1/12/2023,47.4,39.6,44.1,0,0,33.7,38,79.8,0.09,0,0,,,0.79,34,15.2,205.9,1016.3,25,8.8,,,,,2023-01-12T08:02:02,2023-01-12T16:15:50,0.63,Partially cloudy,,partly-cloudy-day,
united kingdom,1/13/2023,48.1,41.3,44.9,0,0,34.4,38.2,77.9,0.08,5,2,,,2.17,36,14.3,215.1,1013.5,20.7,9.9,,,,,2023-01-13T08:01:20,2023-01-13T16:17:19,0.68,Partially cloudy,,partly-cloudy-day,
united kingdom,1/14/2023,46.7,39.6,43.1,0,0,34.8,36.8,78.7,0.06,0,0,,,1.81,35.6,13.4,218.5,1015.4,23.5,9.5,,,,,2023-01-14T08:00:35,2023-01-14T16:18:50,0.72,Partially cloudy,,partly-cloudy-day,
united kingdom,1/15/2023,48.3,40.5,44.7,0,0,34.6,38.7,79.9,0.07,0,0,,,,36.7,14.3,204.5,1013.2,23.8,9,,,,,2023-01-15T07:59:47,2023-01-15T16:20:22,0.78,Partially cloudy,,partly-cloudy-day,
united kingdom,1/16/2023,47.4,40.2,43.8,0,0,33.2,37.5,78.9,0.06,4.8,2,,,,28.2,14.5,205.9,1012.4,23.1,9.7,,,,,2023-01-16T07:58:55,2023-01-16T16:21:56,0.83,Partially cloudy,,partly-cloudy-day,
united kingdom,1/17/2023,46.5,38.6,42.7,0,0,33.9,36.8,79.9,0.11,4.8,2,,,0.39,34,13.2,207.6,1013.6,21.1,9.7,,,,,2023-01-17T07:58:01,2023-01-17T16:23:31,0.88,Partially cloudy,,partly-cloudy-day,
united kingdom,1/18/2023,47.2,38.4,43.1,0,0,32.6,36.6,78.7,0.09,4.8,2,,,2.44,35.8,15.4,209.2,1013.7,21.7,9.8,,,,,2023-01-18T07:57:04,2023-01-18T16:25:08,0.93,Partially cloudy,,partly-cloudy-day,
united kingdom,1/19/2023,47.6,40.2,44,0,0,34.4,38,79.5,0.08,0,0,,,2.01,,13.4,217.3,1013.8,25.9,9.1,,,,,2023-01-19T07:56:05,2023-01-19T16:26:46,0.96,Partially cloudy,,partly-cloudy-day,
united kingdom,1/20/2023,46.8,39.8,43.4,0,0,34.1,37.7,80.5,0.04,0,0,,,1.77,35.8,13.9,209.9,1013.7,31.1,8.1,,,,,2023-01-20T07:55:02,2023-01-20T16:28:26,0.99,Partially cloudy,,partly-cloudy-day,
united kingdom,1/21/2023,47,38.9,42.7,0,0,34.1,36.4,79,0.05,0,0,,,2.09,19.7,13.4,218.4,1014.5,26.7,7.3,,,,,2023-01-21T07:53:57,2023-01-21T16:30:06,1,Partially cloudy,,partly-cloudy-day,
united kingdom,1/22/2023,46.7,38.7,42.7,0,0,34.1,36.6,79.4,0.1,0,0,,,1.38,,12.8,195.4,1014.1,26.2,7.8,,,,,2023-01-22T07:52:50,2023-01-22T16:31:48,0,Partially cloudy,,partly-cloudy-day,
united kingdom,1/23/2023,46.5,38.9,42.9,0,0,34.1,36.9,80.4,0.06,0,0,,,0.79,24.6,12.8,220.2,1016,26.9,8.9,,,,,2023-01-23T07:51:39,2023-01-23T16:33:31,0.02,Partially cloudy,,partly-cloudy-day,
united kingdom,1/24/2023,47.2,38.4,42.9,0,0,33.3,36.8,79.3,0.06,0,0,,,,27.1,11.6,217.1,1017.8,23.9,9.4,,,,,2023-01-24T07:50:27,2023-01-24T16:35:14,0.05,Partially cloudy,,partly-cloudy-day,
united kingdom,1/25/2023,47.7,38.9,43.4,0,0,33.7,37.3,79.8,0.04,0,0,,,,40.9,13.9,193,1018.4,27.2,9.8,,,,,2023-01-25T07:49:11,2023-01-25T16:36:59,0.09,Partially cloudy,,partly-cloudy-day,
united kingdom,1/26/2023,46.8,39.1,43.2,0,0,32.1,36.6,78,0.05,0,0,,,,37.6,13.4,193.8,1016,28,9.6,,,,,2023-01-26T07:47:54,2023-01-26T16:38:44,0.14,Partially cloudy,,partly-cloudy-day,
united kingdom,1/27/2023,48.1,38.9,43.2,0,0,33,36.2,77,0.05,0,0,,,,40,15.2,217.7,1015.6,23,9.8,,,,,2023-01-27T07:46:34,2023-01-27T16:40:30,0.19,Partially cloudy,,partly-cloudy-day,
united kingdom,1/28/2023,47.6,38.9,43.2,0,0,32.3,35.7,75.2,0.02,0,0,,,0.79,34.7,17,221.7,1015.1,22.6,10.6,,,,,2023-01-28T07:45:12,2023-01-28T16:42:17,0.24,Partially cloudy,,partly-cloudy-day,
united kingdom,1/29/2023,46.8,39.5,43.4,0,0,33.9,36.8,78.1,0.06,0,0,,,0.71,35.3,13.9,204,1014.5,25.3,9.9,,,,,2023-01-29T07:43:47,2023-01-29T16:44:04,0.29,Partially cloudy,,partly-cloudy-day,
united kingdom,1/30/2023,46.1,39.1,42.5,0,0,31.9,35.7,77.2,0.07,0,0,,,2.44,42.1,14.1,211.5,1015,33.1,9.4,,,,,2023-01-30T07:42:21,2023-01-30T16:45:52,0.34,Partially cloudy,,partly-cloudy-day,
united kingdom,1/31/2023,46.3,38,42.5,0,0,31,36,78.6,0.05,0,0,,,,34.2,16.3,203.7,1013.5,29.2,8.6,,,,,2023-01-31T07:40:52,2023-01-31T16:47:40,0.39,Partially cloudy,,partly-cloudy-day,
united kingdom,2/1/2023,47,39.5,43.4,0,0,32.1,36.6,77.6,0.13,0,0,,,1.02,37.8,15,214.8,1013.7,30.2,8.6,,,,,2023-02-01T07:39:21,2023-02-01T16:49:29,0.42,Partially cloudy,,partly-cloudy-day,
united kingdom,2/2/2023,46.7,39.5,43.2,0,0,31.4,35.5,74.7,0.07,0,0,,,2.76,30.6,14.1,228.2,1015.9,31,9.6,,,,,2023-02-02T07:37:48,2023-02-02T16:51:18,0.45,Partially cloudy,,partly-cloudy-day,
united kingdom,2/3/2023,47.2,38.2,42.9,0,0,31.7,35.7,76.3,0.04,0,0,,,2.24,34.2,13,212,1016.1,30.9,9.9,,,,,2023-02-03T07:36:14,2023-02-03T16:53:07,0.48,Partially cloudy,,partly-cloudy-day,
united kingdom,2/4/2023,48.8,41.3,44.9,0,0,35,38.4,78.4,0.08,0,0,,,1.54,36.2,15,203.5,1015,30.4,9.1,,,,,2023-02-04T07:34:37,2023-02-04T16:54:57,0.49,Partially cloudy,,partly-cloudy-day,
united kingdom,2/5/2023,47.9,41.6,44.7,0,0,34.8,38.7,79.8,0.08,0,0,,,3.54,32.2,13.6,211.3,1011.7,29.6,8.6,,,,,2023-02-05T07:32:58,2023-02-05T16:56:46,0.5,Partially cloudy,,partly-cloudy-day,
united kingdom,2/6/2023,47.4,40.9,44.3,0,0,35.5,37.3,77.2,0.08,0,0,,,1.61,32.7,14.5,208.2,1012.8,31.5,9.1,,,,,2023-02-06T07:31:18,2023-02-06T16:58:36,0.5,Partially cloudy,,partly-cloudy-day,
united kingdom,2/7/2023,48.1,39.3,43.4,0,0,33.9,35.3,73.8,0.06,4.8,2,,,0.79,38,14.3,224.8,1013.9,20.5,10.6,,,,,2023-02-07T07:29:36,2023-02-07T17:00:26,0.52,Partially cloudy,,partly-cloudy-day,
united kingdom,2/8/2023,47.4,38.9,43.1,0,0,31.9,35.3,75.2,0.13,4.8,2,,,,44.5,14.5,202.1,1012.5,26.7,9.4,,,,,2023-02-08T07:27:52,2023-02-08T17:02:16,0.53,Partially cloudy,,partly-cloudy-day,
united kingdom,2/9/2023,46.1,38.2,42.2,0,0,31.9,33.7,73.2,0.06,4.8,2,,,,37.8,12.8,206.8,1014.5,23.3,11,,,,,2023-02-09T07:26:07,2023-02-09T17:04:07,0.56,Partially cloudy,,partly-cloudy-day,
united kingdom,2/10/2023,46.5,38.4,42.3,0,0,32.3,35.3,77.3,0.11,4.8,2,,,0.83,30.9,13,200.9,1014.6,28.6,10.1,,,,,2023-02-10T07:24:20,2023-02-10T17:05:57,0.6,Partially cloudy,,partly-cloudy-day,
united kingdom,2/11/2023,47.4,38.9,43.1,0,0,32.1,36.4,78,0.09,4.8,2,,,0.39,36.9,11.6,200.7,1017.1,30.5,9.1,,,,,2023-02-11T07:22:31,2023-02-11T17:07:47,0.64,Partially cloudy,,partly-cloudy-day,
united kingdom,2/12/2023,47.6,38.9,43.4,0,0,33.2,36.9,78.8,0.14,0,0,,,,38.5,11.9,190.4,1017.9,29.4,8.2,,,,,2023-02-12T07:20:41,2023-02-12T17:09:37,0.69,Partially cloudy,,partly-cloudy-day,
united kingdom,2/13/2023,46.8,39.5,43.1,0,0,33.7,35.5,75.3,0.04,4.8,2,,,,32,13,187.7,1017.8,24.7,9.3,,,,,2023-02-13T07:18:49,2023-02-13T17:11:27,0.75,Partially cloudy,,partly-cloudy-day,
united kingdom,2/14/2023,48.3,38.2,42.9,0,0,32.8,35.5,75.7,0.11,4.8,2,,,,44.5,11.6,184.9,1017.7,20.9,9.4,,,,,2023-02-14T07:16:56,2023-02-14T17:13:17,0.8,Partially cloudy,,partly-cloudy-day,
united kingdom,2/15/2023,48.5,38.9,43.8,0,0,33.5,36.4,76.3,0.04,0,0,,,,39.1,13,179.5,1018.8,23.4,9.7,,,,,2023-02-15T07:15:02,2023-02-15T17:15:07,0.85,Partially cloudy,,partly-cloudy-day,
united kingdom,2/16/2023,48.3,38.7,43.4,0,0,34.1,35.1,74,0.06,4.8,2,,,,,11.4,187.2,1019.7,23,9.9,,,,,2023-02-16T07:13:06,2023-02-16T17:16:56,0.91,Partially cloudy,,partly-cloudy-day,
united kingdom,2/17/2023,49.4,38.7,43.6,0,0,34.2,36,76.1,0.03,0,0,,,,24.2,10.7,182.9,1019.5,25.2,8.1,,,,,2023-02-17T07:11:10,2023-02-17T17:18:45,0.95,Partially cloudy,,partly-cloudy-day,
united kingdom,2/18/2023,48.8,39.1,43.8,0,0,34.8,37.3,78.7,0.05,0,0,,,,19.7,12.1,177.1,1018.5,25.3,8.1,,,,,2023-02-18T07:09:12,2023-02-18T17:20:35,0.98,Partially cloudy,,partly-cloudy-day,
united kingdom,2/19/2023,48.1,39.1,43.6,0,0,33.5,36.8,78,0.06,9.5,4,,,,30,13,215.7,1017.1,26.9,8.9,,,,,2023-02-19T07:07:12,2023-02-19T17:22:24,1,Partially cloudy,,partly-cloudy-day,
united kingdom,2/20/2023,48.6,39.5,44,0,0,33,36.8,76.6,0.05,0,0,,,0,35.8,13.4,206.5,1016.2,21.9,9.1,,,,,2023-02-20T07:05:12,2023-02-20T17:24:12,0,Partially cloudy,,partly-cloudy-day,
united kingdom,2/21/2023,49.7,40.2,44.7,0,0,33.3,37.1,75.5,0.05,0,0,,,,29.8,13.6,187.8,1016.6,24.2,9.5,,,,,2023-02-21T07:03:10,2023-02-21T17:26:01,0.01,Partially cloudy,,partly-cloudy-day,
united kingdom,2/22/2023,48.6,40.7,44.3,0,0,33.9,36.6,75.1,0.06,0,0,,,0.39,34.7,15.7,176.7,1015.1,26.8,10.3,,,,,2023-02-22T07:01:08,2023-02-22T17:27:49,0.03,Partially cloudy,,partly-cloudy-day,
united kingdom,2/23/2023,48.6,40.5,44.5,0,0,33.5,36.4,74.1,0.06,4.8,2,,,,41.2,14.5,198.7,1014.5,26,10.8,,,,,2023-02-23T06:59:04,2023-02-23T17:29:37,0.07,Partially cloudy,,partly-cloudy-day,
united kingdom,2/24/2023,49.7,40.4,44.5,0,0,33.9,36.4,74.3,0.04,0,0,,,,36,12.3,188.9,1015.5,29.4,9.6,,,,,2023-02-24T06:57:00,2023-02-24T17:31:25,0.11,Partially cloudy,,partly-cloudy-day,
united kingdom,2/25/2023,49.2,39.8,44.3,0,0,34.1,35.7,72.8,0.1,0,0,,,,30.4,13.4,207.3,1016.2,25.3,10.3,,,,,2023-02-25T06:54:54,2023-02-25T17:33:12,0.16,Partially cloudy,,partly-cloudy-day,
united kingdom,2/26/2023,50.3,40,45,0,0,34.6,35.9,71.7,0.06,0,0,,,,30.9,15,193.2,1014.2,28.6,10.8,,,,,2023-02-26T06:52:48,2023-02-26T17:34:59,0.21,Partially cloudy,,partly-cloudy-day,
united kingdom,2/27/2023,49,39.5,44,0,0,34.8,35.9,74.1,0.09,0,0,,,,27.1,13.6,200.3,1012.4,27.8,11.1,,,,,2023-02-27T06:50:41,2023-02-27T17:36:46,0.26,Partially cloudy,,partly-cloudy-day,
united kingdom,2/28/2023,47.4,39.5,43.1,0,0,32.6,35.7,75.8,0.09,4.8,2,,,0.91,27.5,15,187.6,1010.3,27.4,10.3,,,,,2023-02-28T06:48:33,2023-02-28T17:38:33,0.31,Partially cloudy,,partly-cloudy-day,
united kingdom,3/1/2023,48.6,39.6,43.8,0,0,32.8,35.9,74.5,0.08,0,0,,,0.39,37.1,15,212.1,1011.9,23.3,9.9,,,,,2023-03-01T06:46:24,2023-03-01T17:40:19,0.35,Partially cloudy,,partly-cloudy-day,
united kingdom,3/2/2023,48.3,38,42.9,0,0,32.1,34.4,73.4,0.03,4.8,2,,,0.47,38.7,15.4,195.5,1011.3,24.2,10.2,,,,,2023-03-02T06:44:14,2023-03-02T17:42:05,0.39,Partially cloudy,,partly-cloudy-day,
united kingdom,3/3/2023,48.5,38.9,43.4,0,0,32.8,34.8,72.9,0.07,0,0,,,,39.6,15.9,181.8,1008.5,27.6,10.6,,,,,2023-03-03T06:42:04,2023-03-03T17:43:51,0.43,Partially cloudy,,partly-cloudy-day,
united kingdom,3/4/2023,48.3,38,42.9,0,0,31.9,34.4,73.3,0.08,4.8,2,,,0.39,32.7,13.6,206.8,1008.5,26.9,10.1,,,,,2023-03-04T06:39:53,2023-03-04T17:45:36,0.46,Partially cloudy,,partly-cloudy-day,
united kingdom,3/5/2023,50.1,37.7,43.6,0,0,32.4,34.2,70.5,0.04,4.8,2,,,,37.6,13.4,224.1,1012.7,28.7,10.5,,,,,2023-03-05T06:37:42,2023-03-05T17:47:22,0.48,Partially cloudy,,partly-cloudy-day,
united kingdom,3/6/2023,50.4,40.2,45.2,0,0,34.2,36,71.2,0.05,0,0,,,,44.1,13.4,213.5,1013.7,29.2,10.4,,,,,2023-03-06T06:35:30,2023-03-06T17:49:06,0.49,Partially cloudy,,partly-cloudy-day,
united kingdom,3/7/2023,51.3,41.8,46.3,0,0,36,37.5,72.5,0.08,4.8,2,,,,35.1,14.3,220.9,1013.7,32,9.7,,,,,2023-03-07T06:33:17,2023-03-07T17:50:51,0.5,Partially cloudy,,partly-cloudy-day,
united kingdom,3/8/2023,52.4,42,47.2,0,0,35.9,39.1,74.6,0.11,4.8,2,,,,38,13.9,207.2,1014.8,33.7,9.8,,,,,2023-03-08T06:31:04,2023-03-08T17:52:35,0.51,Partially cloudy,,partly-cloudy-day,
united kingdom,3/9/2023,52.8,43.2,47.7,0,0,37.3,38.7,72.1,0.08,0,0,,,,24.8,14.8,213.6,1015,29.3,10.8,,,,,2023-03-09T06:28:50,2023-03-09T17:54:19,0.52,Partially cloudy,,partly-cloudy-day,
united kingdom,3/10/2023,51.5,42.3,47,0,0,36.2,38.9,74.5,0.07,0,0,,,,37.4,15.2,193,1016,29,9.8,,,,,2023-03-10T06:26:36,2023-03-10T17:56:03,0.54,Partially cloudy,,partly-cloudy-day,
united kingdom,3/11/2023,52.4,41.6,46.8,0,0,35.5,37.8,72,0.03,0,0,,,,31.1,13.6,183.8,1016.9,29.8,9.1,,,,,2023-03-11T06:24:22,2023-03-11T17:57:47,0.58,Partially cloudy,,partly-cloudy-day,
united kingdom,3/12/2023,52.8,42,47,0,0,35.3,37.5,71.2,0.05,0,0,,,0.39,34.7,13,193.5,1015.9,26.7,8.9,,,,,2023-03-12T06:22:07,2023-03-12T17:59:30,0.62,Partially cloudy,,partly-cloudy-day,
united kingdom,3/13/2023,52.1,42,46.7,0,0,37.5,36.4,69,0.03,0,0,,,,28.2,12.5,206.5,1019.5,28,10.3,,,,,2023-03-13T06:19:52,2023-03-13T18:01:13,0.67,Partially cloudy,,partly-cloudy-day,
united kingdom,3/14/2023,53.5,41.1,47.2,0,0,36.9,36.4,68.1,0.02,0,0,,,,32,14.1,207,1020.7,26.4,10.5,,,,,2023-03-14T06:17:36,2023-03-14T18:02:56,0.72,Partially cloudy,,partly-cloudy-day,
united kingdom,3/15/2023,55.1,43.2,48.8,0,0,38.2,40.2,73.7,0.04,0,0,,,,32.7,13.4,190.8,1020.4,22.3,8.2,,,,,2023-03-15T06:15:20,2023-03-15T18:04:39,0.78,Partially cloudy,,partly-cloudy-day,
united kingdom,3/16/2023,54.8,44.5,49.2,0,0,38.7,40.5,73.5,0.06,0,0,,,,34.2,14.8,180.2,1019.2,28,8.3,,,,,2023-03-16T06:13:04,2023-03-16T18:06:22,0.83,Partially cloudy,,partly-cloudy-day,
united kingdom,3/17/2023,54.1,42.7,47.6,0,0,34.4,39.1,73.7,0.07,0,0,,,,40.3,13.4,177.5,1019.1,27.6,7.9,,,,,2023-03-17T06:10:48,2023-03-17T18:08:04,0.89,Partially cloudy,,partly-cloudy-day,
united kingdom,3/18/2023,51.5,41.1,46.3,0,0,34.1,37.7,73.3,0.07,4.8,2,,,0.39,35.6,13.6,182.6,1017.9,28.2,8.7,,,,,2023-03-18T06:08:31,2023-03-18T18:09:46,0.93,Partially cloudy,,partly-cloudy-day,
united kingdom,3/19/2023,52.8,41.3,46.5,0,0,34.4,36.9,70.9,0.02,0,0,,,0.39,32,13,178.6,1020.1,25.3,9.9,,,,,2023-03-19T06:06:15,2023-03-19T18:11:28,0.97,Partially cloudy,,partly-cloudy-day,
united kingdom,3/20/2023,52.8,42.3,47.4,0,0,36.9,38.7,73.1,0.04,0,0,,,,32,13.9,188,1019.3,27.3,8.3,,,,,2023-03-20T06:03:58,2023-03-20T18:13:10,0.99,Partially cloudy,,partly-cloudy-day,
united kingdom,3/21/2023,53.1,41.8,47.2,0,0,35.9,36.9,68.9,0.04,0,0,,,,28.9,13.6,207.5,1017.3,22.5,9,,,,,2023-03-21T06:01:41,2023-03-21T18:14:51,1,Partially cloudy,,partly-cloudy-day,
united kingdom,3/22/2023,53,41.8,47,0,0,36.8,37.3,70.3,0.04,0,0,,,,34.4,13.4,190.8,1016.5,20.4,9,,,,,2023-03-22T05:59:24,2023-03-22T18:16:33,0,Partially cloudy,,partly-cloudy-day,
united kingdom,3/23/2023,54.2,42,47.7,0,0,38.4,38,71.3,0.06,0,0,,,0.39,35.1,12.8,166.8,1015.7,24.7,8.6,,,,,2023-03-23T05:57:07,2023-03-23T18:18:14,0.02,Partially cloudy,,partly-cloudy-day,
united kingdom,3/24/2023,53.7,43.1,47.7,0,0,37.5,38.6,71.8,0.04,4.8,2,,,,34,12.5,167.5,1014.9,25.4,8.4,,,,,2023-03-24T05:54:50,2023-03-24T18:19:56,0.05,Partially cloudy,,partly-cloudy-day,
united kingdom,3/25/2023,54.2,43.1,48.1,0,0,38,37.7,68.9,0.05,0,0,,,,38,12.5,166.7,1014.5,25.8,9.3,,,,,2023-03-25T05:52:33,2023-03-25T18:21:37,0.09,Partially cloudy,,partly-cloudy-day,
united kingdom,3/26/2023,54.6,42.5,47.7,0,0,37.8,38,70.3,0.06,0,0,,,,35.1,13.6,162.2,1013.9,22.5,9.4,,,,,2023-03-26T06:50:16,2023-03-26T19:23:18,0.13,Partially cloudy,,partly-cloudy-day,
united kingdom,3/27/2023,54.8,42.3,47.9,0,0,38.2,37.5,69,0.06,0,0,,,,35.8,13,167.9,1013,27.5,8.8,,,,,2023-03-27T06:47:59,2023-03-27T19:24:59,0.17,Partially cloudy,,partly-cloudy-day,
united kingdom,3/28/2023,55.7,41.8,48.3,0,0,37.7,37.8,69.3,0.11,0,0,,,,41.8,13.6,175.6,1012,23.1,8.3,,,,,2023-03-28T06:45:42,2023-03-28T19:26:40,0.22,Partially cloudy,,partly-cloudy-day,
united kingdom,3/29/2023,55.8,43.4,49.2,0,0,38.2,39.8,71.8,0.05,0,0,,,,35.6,11.9,177.8,1011.9,26.2,7.7,,,,,2023-03-29T06:43:26,2023-03-29T19:28:20,0.27,Partially cloudy,,partly-cloudy-day,
united kingdom,3/30/2023,56.6,45,50.4,0,0,39.5,40.5,70.9,0.12,0,0,,,,30,11.9,164.2,1011.2,21,8.6,,,,,2023-03-30T06:41:09,2023-03-30T19:30:01,0.32,Partially cloudy,,partly-cloudy-day,
united kingdom,3/31/2023,56.4,45.6,50.6,0,0,39.5,40,68.4,0.02,0,0,,,,44.3,13.2,166.2,1013,25.3,10.2,,,,,2023-03-31T06:38:53,2023-03-31T19:31:42,0.36,Partially cloudy,,partly-cloudy-day,
united kingdom,4/1/2023,57.3,44.9,50.4,0,0,37.8,39.6,68.1,0.04,0,0,,,,31.1,14.3,184.2,1014.8,23.4,9.1,,,,,2023-04-01T06:36:37,2023-04-01T19:33:22,0.4,Partially cloudy,,partly-cloudy-day,
united kingdom,4/2/2023,58.7,45.9,51.5,0,0,39.5,40.5,68.1,0.06,0,0,,,,29.1,13.4,174.1,1012,23,9.6,,,,,2023-04-02T06:34:21,2023-04-02T19:35:03,0.44,Partially cloudy,,partly-cloudy-day,
united kingdom,4/3/2023,56.9,44.9,50.4,0,0,38.9,40.9,71.5,0.08,0,0,,,,29.5,12.5,177,1011.6,22.3,8.5,,,,,2023-04-03T06:32:05,2023-04-03T19:36:44,0.46,Partially cloudy,,partly-cloudy-day,
united kingdom,4/4/2023,55.1,44.7,49.4,0,0,38,39.6,70.6,0.07,0,0,,,,31.5,13.6,190,1013.4,19.4,9.8,,,,,2023-04-04T06:29:50,2023-04-04T19:38:24,0.49,Clear,,clear-day,
united kingdom,4/5/2023,55.8,42.9,49.2,0,0,37.1,37.7,66,0.02,0,0,,,,28.9,13.6,181.4,1017.7,17.5,11.6,,,,,2023-04-05T06:27:35,2023-04-05T19:40:05,0.5,Clear,,clear-day,
united kingdom,4/6/2023,57.1,43.8,50.1,0,0,36.8,37.7,64.9,0.02,0,0,,,0.59,31.5,13.9,193.1,1016.6,16.2,11.3,,,,,2023-04-06T06:25:21,2023-04-06T19:41:45,0.5,Clear,,clear-day,
united kingdom,4/7/2023,56.2,43.2,49.4,0,0,38.6,38.6,67.9,0.02,0,0,,,,34.7,12.1,204.9,1015.9,14.1,11.2,,,,,2023-04-07T06:23:07,2023-04-07T19:43:26,0.51,Clear,,clear-day,
united kingdom,4/8/2023,57.1,43.1,49.7,0,0,39.1,37.7,66.2,0.04,0,0,,,,32.9,11.6,203.5,1017.4,20.3,10.7,,,,,2023-04-08T06:20:53,2023-04-08T19:45:06,0.53,Partially cloudy,,partly-cloudy-day,
united kingdom,4/9/2023,56.9,43.2,49.9,0,0,38.7,39.6,69.8,0.07,0,0,,,,28.9,13,167,1015.1,23.6,9.3,,,,,2023-04-09T06:18:40,2023-04-09T19:46:47,0.56,Partially cloudy,,partly-cloudy-day,
united kingdom,4/10/2023,57.1,44.1,50.3,0,0,38.2,38.4,65.8,0.05,0,0,,,,25.5,13.9,164.5,1014.5,24.4,10.5,,,,,2023-04-10T06:16:28,2023-04-10T19:48:27,0.6,Partially cloudy,,partly-cloudy-day,
united kingdom,4/11/2023,56.4,44.1,49.9,0,0,39.1,38.4,66.7,0.08,0,0,,,,28.9,13,188.6,1014.5,26.7,10.7,,,,,2023-04-11T06:14:16,2023-04-11T19:50:07,0.65,Partially cloudy,,partly-cloudy-day,
united kingdom,4/12/2023,56.9,43.4,49.7,0,0,38.9,39.3,69.1,0.06,0,0,,,,30.6,13.9,186.7,1013.2,26.8,9.5,,,,,2023-04-12T06:12:04,2023-04-12T19:51:48,0.7,Partially cloudy,,partly-cloudy-day,
united kingdom,4/13/2023,56.6,43.8,49.7,0,0,39.1,39.3,68.8,0.03,0,0,,,,,12.5,188.9,1014.1,29.3,10.8,,,,,2023-04-13T06:09:53,2023-04-13T19:53:28,0.76,Partially cloudy,,partly-cloudy-day,
united kingdom,4/14/2023,58.7,45.2,51.5,0,0,40.5,39.8,66,0.02,0,0,,,,24.2,12.5,180.3,1014.1,23.5,10.4,,,,,2023-04-14T06:07:43,2023-04-14T19:55:09,0.82,Partially cloudy,,partly-cloudy-day,
united kingdom,4/15/2023,59.1,46.3,51.9,0,0,40.2,40.2,66.7,0.09,0,0,,,,28.2,12.8,178.9,1013.8,28.3,8.5,,,,,2023-04-15T06:05:34,2023-04-15T19:56:49,0.87,Partially cloudy,,partly-cloudy-day,
united kingdom,4/16/2023,59.6,45.6,52.1,0,0,39.3,39.1,63.8,0.02,0,0,,,,29.3,12.5,185.5,1015.5,19,10.1,,,,,2023-04-16T06:03:25,2023-04-16T19:58:29,0.92,Clear,,clear-day,
united kingdom,4/17/2023,59.6,45.4,51.9,0,0,40.5,38.9,63.6,0.03,0,0,,,,34.2,14.5,195,1014.3,21.8,10.3,,,,,2023-04-17T06:01:17,2023-04-17T20:00:10,0.96,Partially cloudy,,partly-cloudy-day,
united kingdom,4/18/2023,58.6,44.3,51.2,0,0,39.6,38.7,65.1,0.08,0,0,,,,32.9,15.4,174.1,1012.7,27.1,9.8,,,,,2023-04-18T05:59:09,2023-04-18T20:01:50,0.99,Partially cloudy,,partly-cloudy-day,
united kingdom,4/19/2023,59.1,44.9,51.5,0,0,80.7,39.1,64.8,0.06,0,0,,,,,13,157.4,1014.9,28.6,10.9,,,,,2023-04-19T05:57:03,2023-04-19T20:03:30,1,Partially cloudy,,partly-cloudy-day,
united kingdom,4/20/2023,60.5,45.4,52.8,0,0,39.6,41.6,68.4,0.03,0,0,,,,19.7,12.8,160.3,1016.1,28.6,8.8,,,,,2023-04-20T05:54:57,2023-04-20T20:05:10,0,Partially cloudy,,partly-cloudy-day,
united kingdom,4/21/2023,63.2,46.7,54.4,0,0,40.9,41.1,63.7,0.03,0,0,,,,24.4,14.1,164.8,1015.5,24.4,9.2,,,,,2023-04-21T05:52:53,2023-04-21T20:06:50,0.01,Partially cloudy,,partly-cloudy-day,
united kingdom,4/22/2023,63.8,47.4,54.9,0,0,41.4,41.8,63.8,0.04,0,0,,,,,13.2,173,1014.4,25,10.3,,,,,2023-04-22T05:50:49,2023-04-22T20:08:30,0.03,Partially cloudy,,partly-cloudy-day,
united kingdom,4/23/2023,62.7,48.1,54.8,0,0,79.8,42.5,65.7,0.05,0,0,,,,20.8,11.6,171.1,1014.9,26.4,9.3,,,,,2023-04-23T05:48:46,2023-04-23T20:10:10,0.06,Partially cloudy,,partly-cloudy-day,
united kingdom,4/24/2023,63.4,48.3,55.3,0,0,42.2,44.1,68,0.04,0,0,,,,29.5,13.2,190.1,1014.6,20.2,8.7,,,,,2023-04-24T05:46:44,2023-04-24T20:11:50,0.1,Partially cloudy,,partly-cloudy-day,
united kingdom,4/25/2023,61.6,49.5,54.9,0,0,41.1,44.1,69,0.06,0,0,,,,32.7,13.9,201.2,1012.6,29.8,9.9,,,,,2023-04-25T05:44:43,2023-04-25T20:13:30,0.14,Partially cloudy,,partly-cloudy-day,
united kingdom,4/26/2023,60.3,47.4,53.3,0,0,41.8,42.5,69,0.07,0,0,,,,32.9,14.1,201.8,1012.9,26.5,10.4,,,,,2023-04-26T05:42:44,2023-04-26T20:15:09,0.19,Partially cloudy,,partly-cloudy-day,
united kingdom,4/27/2023,59.1,46.7,52.6,0,0,40.2,41.6,67.7,0.07,0,0,,,,48.3,14.1,181.7,1013.7,25.1,10.6,,,,,2023-04-27T05:40:45,2023-04-27T20:16:48,0.23,Partially cloudy,,partly-cloudy-day,
united kingdom,4/28/2023,58.6,46.5,52.4,0,0,40.2,42.2,70.3,0.13,0,0,,,,29.8,14.8,170.3,1012.5,25.4,9.4,,,,,2023-04-28T05:38:48,2023-04-28T20:18:28,0.28,Partially cloudy,,partly-cloudy-day,
united kingdom,4/29/2023,59.8,46.7,52.6,0,0,40.2,42,69.1,0.07,0,0,,,,36.7,13.6,164.6,1011.5,20.7,11,,,,,2023-04-29T05:36:52,2023-04-29T20:20:07,0.33,Partially cloudy,,partly-cloudy-day,
united kingdom,4/30/2023,60.5,47,53.5,0,0,40.9,42,67.3,0.09,0,0,,,,19,13.6,163.7,1011.2,25.3,10.4,,,,,2023-04-30T05:34:57,2023-04-30T20:21:45,0.37,Partially cloudy,,partly-cloudy-day,
united kingdom,5/1/2023,61.8,47.7,54.4,0,0,40.7,42.9,67.8,0.14,0,0,,,,22.1,12.8,160.8,1013,22.4,10.6,,,,,2023-05-01T05:33:03,2023-05-01T20:23:24,0.41,Partially cloudy,,partly-cloudy-day,
united kingdom,5/2/2023,61.6,47.9,54.2,0,0,43.2,42.7,67.6,0.11,0,0,,,,36.9,12.5,162.9,1015.6,23.1,10.5,,,,,2023-05-02T05:31:11,2023-05-02T20:25:02,0.44,Partially cloudy,,partly-cloudy-day,
united kingdom,5/3/2023,60.5,46.5,53.1,0,0,40.9,41.4,66.8,0.05,0,0,,,,28.9,12.5,170.8,1017.2,20.8,11.6,,,,,2023-05-03T05:29:20,2023-05-03T20:26:40,0.47,Partially cloudy,,partly-cloudy-day,
united kingdom,5/4/2023,60.7,47,53.7,0,0,79.8,41.3,64.8,0.04,0,0,,,,33.8,12.3,149,1017,23.6,11.5,,,,,2023-05-04T05:27:31,2023-05-04T20:28:17,0.49,Partially cloudy,,partly-cloudy-day,
united kingdom,5/5/2023,62.7,47.4,54.6,0,0,40.9,41.3,62.7,0.04,0,0,,,,31.5,12.5,159.8,1016.2,19.6,11.9,,,,,2023-05-05T05:25:43,2023-05-05T20:29:54,0.5,Clear,,clear-day,
united kingdom,5/6/2023,64.5,49.2,56.6,0,0,42.3,42.7,61.9,0.03,0,0,,,,46.1,12.3,174.5,1015.4,20.3,11.5,,,,,2023-05-06T05:23:56,2023-05-06T20:31:30,0.51,Partially cloudy,,partly-cloudy-day,
united kingdom,5/7/2023,65.6,50.1,57.5,0,0,80.5,44.9,65.1,0.03,0,0,,,,27.7,13.2,170.2,1014.6,22.3,10.6,,,,,2023-05-07T05:22:12,2023-05-07T20:33:07,0.52,Partially cloudy,,partly-cloudy-day,
united kingdom,5/8/2023,63.4,50.1,56.4,0,0,79.6,45.4,68.8,0.09,0,0,,,,34.9,14.1,183.1,1012.2,21.1,10.1,,,,,2023-05-08T05:20:28,2023-05-08T20:34:42,0.55,Partially cloudy,,partly-cloudy-day,
united kingdom,5/9/2023,63.6,50.4,56.6,0,0,43.4,45.6,68.4,0.03,0,0,,,,36.9,11.9,177.2,1013.2,22.6,9.6,,,,,2023-05-09T05:18:47,2023-05-09T20:36:17,0.59,Partially cloudy,,partly-cloudy-day,
united kingdom,5/10/2023,64.5,51,57.5,0,0,42,46.8,69.8,0.09,0,0,,,,25.7,12.5,168.5,1013.6,20.9,9,,,,,2023-05-10T05:17:07,2023-05-10T20:37:51,0.64,Partially cloudy,,partly-cloudy-day,
united kingdom,5/11/2023,63.6,50.3,56.7,0,0,42.7,44.5,66.1,0.09,0,0,,,,37.6,12.3,153.3,1014.6,19.9,9.8,,,,,2023-05-11T05:15:29,2023-05-11T20:39:25,0.69,Clear,,clear-day,
united kingdom,5/12/2023,63.6,48.8,56,0,0,40.9,43.4,65,0.06,0,0,,,,32.2,13,168.7,1016.3,19.8,10.6,,,,,2023-05-12T05:13:53,2023-05-12T20:40:58,0.75,Clear,,clear-day,
united kingdom,5/13/2023,63.4,48.6,55.8,0,0,42,44.5,67.6,0.07,0,0,,,,35.3,11.6,172.7,1016.3,21.5,10.3,,,,,2023-05-13T05:12:18,2023-05-13T20:42:30,0.8,Partially cloudy,,partly-cloudy-day,
united kingdom,5/14/2023,62,49.5,55.5,0,0,41.3,44.3,67.6,0.08,0,0,,,,29.1,11.9,183.3,1016.6,21.3,10.7,,,,,2023-05-14T05:10:46,2023-05-14T20:44:02,0.86,Partially cloudy,,partly-cloudy-day,
united kingdom,5/15/2023,64.7,49.2,56.6,0,0,80.7,44.7,66.5,0.07,0,0,,,,31.8,11,191.3,1017.6,20.1,11.2,,,,,2023-05-15T05:09:15,2023-05-15T20:45:32,0.91,Partially cloudy,,partly-cloudy-day,
united kingdom,5/16/2023,63.9,50.3,57.1,0,0,43.2,45.8,67.8,0.07,0,0,,,,32.7,12.5,185.9,1017.2,18.5,11.4,,,,,2023-05-16T05:07:47,2023-05-16T20:47:02,0.95,Clear,,clear-day,
united kingdom,5/17/2023,62.1,49.9,56,0,0,42.7,45.8,70.2,0.11,0,0,,,,20.8,13.4,181.1,1015.3,22.5,10.7,,,,,2023-05-17T05:06:20,2023-05-17T20:48:31,0.98,Partially cloudy,,partly-cloudy-day,
united kingdom,5/18/2023,63.6,50.6,56.7,0,0,43.6,45.8,68.4,0.08,0,0,,,,31.3,12.3,198.9,1013,24.8,10.9,,,,,2023-05-18T05:04:56,2023-05-18T20:49:58,1,Partially cloudy,,partly-cloudy-day,
united kingdom,5/19/2023,65,50.3,57.5,0,0,45.4,45.9,67.4,0.06,0,0,,,,28,11.9,202.2,1013.7,20.8,10.4,,,,,2023-05-19T05:03:34,2023-05-19T20:51:25,1,Partially cloudy,,partly-cloudy-day,
united kingdom,5/20/2023,64.8,51.5,58,0,0,43.6,46.5,67.3,0.07,0,0,,,,28.9,11.2,203.1,1014.9,23.3,10.4,,,,,2023-05-20T05:02:14,2023-05-20T20:52:50,0,Partially cloudy,,partly-cloudy-day,
united kingdom,5/21/2023,64.7,51.2,58,0,0,46.5,46.8,68.5,0.08,0,0,,,,25.3,12.3,194.1,1015.3,25.3,11,,,,,2023-05-21T05:00:56,2023-05-21T20:54:14,0.02,Partially cloudy,,partly-cloudy-day,
united kingdom,5/22/2023,67.2,51.5,59.1,0,0,44.7,45.8,63.5,0.06,0,0,,,,31.3,12.8,209.2,1014.9,19.7,12.7,,,,,2023-05-22T04:59:40,2023-05-22T20:55:37,0.04,Clear,,clear-day,
united kingdom,5/23/2023,67.6,52.2,59.4,0,0,80.7,46.1,63.4,0.04,0,0,,,,25.5,11.4,207.6,1017.4,21.9,12.3,,,,,2023-05-23T04:58:27,2023-05-23T20:56:58,0.07,Partially cloudy,,partly-cloudy-day,
united kingdom,5/24/2023,67.9,52.8,60,0,0,81.2,47.4,65.3,0.06,0,0,,,,31.8,11.4,191.2,1016.8,21.8,10.8,,,,,2023-05-24T04:57:17,2023-05-24T20:58:19,0.11,Partially cloudy,,partly-cloudy-day,
united kingdom,5/25/2023,67.4,52.4,59.6,0,0,45,46.7,64.5,0.09,0,0,,,,35.8,12.1,197.7,1017.1,21.4,11.6,,,,,2023-05-25T04:56:08,2023-05-25T20:59:37,0.15,Partially cloudy,,partly-cloudy-day,
united kingdom,5/26/2023,66.8,53,59.8,0,0,80.7,48.5,68.5,0.18,0,0,,,,28.4,14.1,188.1,1015.1,24.3,11.3,,,,,2023-05-26T04:55:03,2023-05-26T21:00:54,0.2,Partially cloudy,,partly-cloudy-day,
united kingdom,5/27/2023,67.6,52.8,59.8,0,0,86.6,48.8,69.1,0.16,0,0,,,,29.8,12.8,188.9,1014.4,20.6,11.1,,,,,2023-05-27T04:54:00,2023-05-27T21:02:09,0.24,Partially cloudy,,partly-cloudy-day,
united kingdom,5/28/2023,66.6,53.1,59.6,0,0,41.4,49,70.2,0.22,0,0,,,,31.1,12.8,206.9,1014.1,21.9,10.6,,,,,2023-05-28T04:52:59,2023-05-28T21:03:23,0.29,Partially cloudy,,partly-cloudy-day,
united kingdom,5/29/2023,65.9,53.1,59.3,0,0,41.8,48.6,70,0.06,0,0,,,,26.6,12.5,195.4,1015.3,17.7,10.3,,,,,2023-05-29T04:52:01,2023-05-29T21:04:35,0.34,Clear,,clear-day,
united kingdom,5/30/2023,66.6,53.5,59.6,0,0,81.2,48.3,68.6,0.09,0,0,,,,30,12.1,209.5,1016.2,21.1,10.7,,,,,2023-05-30T04:51:06,2023-05-30T21:05:45,0.38,Partially cloudy,,partly-cloudy-day,
united kingdom,5/31/2023,67.7,53.3,60.3,0,0,83.7,48.3,66.3,0.05,0,0,,,,28.9,11.2,216.5,1019,17.4,11.4,,,,,2023-05-31T04:50:13,2023-05-31T21:06:53,0.42,Clear,,clear-day,
united kingdom,6/1/2023,67.9,54.2,60.9,0,0,43.8,49.9,69.4,0.06,0,0,,,,27.7,10.7,190.1,1019.8,23.6,10.7,,,,,2023-06-01T04:49:23,2023-06-01T21:07:59,0.46,Partially cloudy,,partly-cloudy-day,
united kingdom,6/2/2023,70.2,55.3,62.3,0,0,79.6,50.8,68.6,0.02,0,0,,,,34.9,12.1,179.4,1018.2,23.9,10.2,,,,,2023-06-02T04:48:36,2023-06-02T21:09:03,0.48,Partially cloudy,,partly-cloudy-day,
united kingdom,6/3/2023,68.3,53.7,60.9,0,0,80.3,48.8,67,0.07,0,0,,,,27.7,11.6,184.6,1017.9,21.7,11.4,,,,,2023-06-03T04:47:52,2023-06-03T21:10:05,0.5,Partially cloudy,,partly-cloudy-day,
united kingdom,6/4/2023,67.7,53,60.3,0,0,44.5,48.5,67.3,0.06,0,0,,,,26.8,11.9,185.2,1016.6,23.7,12.4,,,,,2023-06-04T04:47:11,2023-06-04T21:11:05,0.5,Partially cloudy,,partly-cloudy-day,
united kingdom,6/5/2023,67,53.3,59.8,0,0,80.3,49.2,69.4,0.06,0,0,,,,30.4,10.3,166.9,1014.7,23.6,11.6,,,,,2023-06-05T04:46:33,2023-06-05T21:12:03,0.52,Partially cloudy,,partly-cloudy-day,
united kingdom,6/6/2023,66.8,52.6,59.4,0,0,47,48.6,69.7,0.12,0,0,,,,34.9,13,179.3,1013.5,24.7,11.2,,,,,2023-06-06T04:45:57,2023-06-06T21:12:58,0.54,Partially cloudy,,partly-cloudy-day,
united kingdom,6/7/2023,68.4,53.7,60.7,0,0,82.7,49,67.7,0.08,0,0,,,,32.4,11.6,183.7,1014.9,21.4,12.6,,,,,2023-06-07T04:45:25,2023-06-07T21:13:51,0.57,Partially cloudy,,partly-cloudy-day,
united kingdom,6/8/2023,69.7,54.2,61.4,0,0,83.7,48.6,65,0.07,0,0,,,,30.9,13.4,179.1,1015.7,17.1,12.4,,,,,2023-06-08T04:44:55,2023-06-08T21:14:41,0.63,Clear,,clear-day,
united kingdom,6/9/2023,68.6,54.4,61.4,0,0,47.2,48.3,64.1,0.02,0,0,,,,31.5,11.2,174.2,1016.9,19.9,12.2,,,,,2023-06-09T04:44:28,2023-06-09T21:15:29,0.68,Clear,,clear-day,
united kingdom,6/10/2023,67.7,55.3,61.1,0,0,82.1,49.5,67.4,0.07,0,0,,,,28.9,11.4,173.1,1016.2,22.4,11.6,,,,,2023-06-10T04:44:05,2023-06-10T21:16:14,0.74,Partially cloudy,,partly-cloudy-day,
united kingdom,6/11/2023,68.1,54.8,61.1,0,0,83.6,49,66.7,0.09,0,0,,,,32,12.8,199.9,1016.3,20,12.2,,,,,2023-06-11T04:43:44,2023-06-11T21:16:57,0.79,Clear,,clear-day,
united kingdom,6/12/2023,68.1,55.5,61.4,0,0,87.5,49.7,67.7,0.09,0,0,,,,30,11,215.6,1016,21.5,11.6,,,,,2023-06-12T04:43:27,2023-06-12T21:17:37,0.85,Partially cloudy,,partly-cloudy-day,
united kingdom,6/13/2023,70.1,54.8,62.3,0,0,45,49.9,66.3,0.04,0,0,,,,30.6,10.5,226.6,1016,19.9,12.4,,,,,2023-06-13T04:43:13,2023-06-13T21:18:14,0.89,Clear,,clear-day,
united kingdom,6/14/2023,70.4,56.2,63.2,0,0,83.6,51,66.6,0.05,0,0,,,,29.5,11.6,189,1015.8,21.6,11.8,,,,,2023-06-14T04:43:01,2023-06-14T21:18:49,0.94,Partially cloudy,,partly-cloudy-day,
united kingdom,6/15/2023,69.3,56.4,62.7,0,0,69.3,50.1,65.3,0.07,0,0,,,,32.9,12.8,197.6,1015.4,18.7,12.3,,,,,2023-06-15T04:42:53,2023-06-15T21:19:20,0.97,Clear,,clear-day,
united kingdom,6/16/2023,69.7,55.8,62.7,0,0,80.7,50.8,67.2,0.07,0,0,,,,34.2,12.3,202.1,1016.4,20.4,10.6,,,,,2023-06-16T04:42:48,2023-06-16T21:19:49,0.99,Partially cloudy,,partly-cloudy-day,
united kingdom,6/17/2023,72.4,57.5,64.5,0,0,83,51.7,65.2,0.04,0,0,,,,30.6,11.6,201.6,1016.9,18.4,11.4,,,,,2023-06-17T04:42:46,2023-06-17T21:20:15,1,Clear,,clear-day,
united kingdom,6/18/2023,71.1,57.3,64.1,0,0,86.3,51.3,65.6,0.07,0,0,,,,29.5,12.1,211.8,1017.3,18.5,12.4,,,,,2023-06-18T04:42:47,2023-06-18T21:20:38,0,Clear,,clear-day,
united kingdom,6/19/2023,72.6,57.8,64.8,0,0,89.7,51.2,63.3,0.01,0,0,,,,21.9,13,224.5,1017.1,19.7,13.3,,,,,2023-06-19T04:42:51,2023-06-19T21:20:58,0.01,Clear,,clear-day,
united kingdom,6/20/2023,71,57.5,63.8,0,0,83.2,51.3,65.9,0.06,0,0,,,,30,12.5,226.8,1016.2,20.9,11.7,,,,,2023-06-20T04:42:58,2023-06-20T21:21:15,0.03,Partially cloudy,,partly-cloudy-day,
united kingdom,6/21/2023,70.8,56.4,63.6,0,0,92,49.9,63.2,0.02,0,0,,,,27.7,12.3,232.2,1015.8,20.6,13.4,,,,,2023-06-21T04:43:08,2023-06-21T21:21:29,0.05,Partially cloudy,,partly-cloudy-day,
united kingdom,6/22/2023,70.6,56,63.4,0,0,81.6,50.8,65.6,0.06,0,0,,,,34.2,12.8,211.9,1015.6,24.7,13.8,,,,,2023-06-22T04:43:21,2023-06-22T21:21:40,0.08,Partially cloudy,,partly-cloudy-day,
united kingdom,6/23/2023,71.5,56.7,64.1,0,0,85.9,50.4,63.6,0.14,0,0,,,,32.2,12.3,219.2,1016.8,23.3,12.7,,,,,2023-06-23T04:43:38,2023-06-23T21:21:47,0.12,Partially cloudy,,partly-cloudy-day,
united kingdom,6/24/2023,72.1,56.7,64.3,0,0,81.4,50.1,62.5,0.07,0,0,,,,27.1,12.1,202.1,1018,15.1,12.9,,,,,2023-06-24T04:43:57,2023-06-24T21:21:52,0.16,Clear,,clear-day,
united kingdom,6/25/2023,72.1,56.9,64.5,0,0,82.5,51.2,64.3,0.06,0,0,,,,31.1,12.1,189.1,1018.5,17.8,12.8,,,,,2023-06-25T04:44:19,2023-06-25T21:21:54,0.21,Clear,,clear-day,
united kingdom,6/26/2023,73.1,56.9,64.5,0,0,83.9,51.7,64.7,0.02,0,0,,,,,12.1,163.1,1018.6,20.2,10.8,,,,,2023-06-26T04:44:43,2023-06-26T21:21:52,0.26,Partially cloudy,,partly-cloudy-day,
united kingdom,6/27/2023,72.9,58.2,65,0,0,85.4,52.6,66.3,0.06,0,0,,,,25.3,11.9,200.9,1016.8,22.2,11.2,,,,,2023-06-27T04:45:11,2023-06-27T21:21:47,0.31,Partially cloudy,,partly-cloudy-day,
united kingdom,6/28/2023,71.3,57.3,64.1,0,0,82.3,51.9,66.6,0.11,0,0,,,,,12.1,209.6,1016,18.2,12.3,,,,,2023-06-28T04:45:42,2023-06-28T21:21:40,0.36,Clear,,clear-day,
united kingdom,6/29/2023,72.9,57.1,65,0,0,84.1,52.2,65.4,0.05,0,0,,,,25.9,12.5,209.9,1015.3,24.5,11.1,,,,,2023-06-29T04:46:15,2023-06-29T21:21:29,0.4,Partially cloudy,,partly-cloudy-day,
united kingdom,6/30/2023,72.8,57.8,65.2,0,0,82.1,52.4,65.9,0.06,0,0,,,,30,12.1,209.6,1015.4,28.8,11.2,,,,,2023-06-30T04:46:51,2023-06-30T21:21:15,0.44,Partially cloudy,,partly-cloudy-day,
united kingdom,7/1/2023,73.5,58.2,65.7,0,0,84.6,52.2,64.1,0.06,0,0,,,,30.6,12.1,210.5,1014.2,27.2,11.6,,,,,2023-07-01T04:47:29,2023-07-01T21:20:58,0.47,Partially cloudy,,partly-cloudy-day,
united kingdom,7/2/2023,73.3,59.1,65.9,0,0,83.4,53,65.3,0.06,0,0,,,,30,11.6,201.9,1014.5,27.3,11.2,,,,,2023-07-02T04:48:11,2023-07-02T21:20:37,0.49,Partially cloudy,,partly-cloudy-day,
united kingdom,7/3/2023,73.1,59.1,65.7,0,0,82.5,52.6,64.9,0.09,0,0,,,,,11.9,208.3,1013.9,24.9,11.5,,,,,2023-07-03T04:48:55,2023-07-03T21:20:14,0.5,Partially cloudy,,partly-cloudy-day,
united kingdom,7/4/2023,73.5,58.2,66.1,0,0,82.3,52.6,64.2,0.04,0,0,,,,27.7,10.7,201.3,1014.1,23.8,11.7,,,,,2023-07-04T04:49:41,2023-07-04T21:19:48,0.51,Partially cloudy,,partly-cloudy-day,
united kingdom,7/5/2023,73.3,59.4,65.9,0,0,82.5,53.5,66.5,0.07,0,0,,,,23,10.7,216.2,1013.8,26,11.2,,,,,2023-07-05T04:50:30,2023-07-05T21:19:18,0.53,Partially cloudy,,partly-cloudy-day,
united kingdom,7/6/2023,73.8,59.4,65.9,0,0,83.4,52.8,64.7,0.06,0,0,,,,31.8,12.8,208.2,1014.2,25.4,11.9,,,,,2023-07-06T04:51:21,2023-07-06T21:18:46,0.56,Partially cloudy,,partly-cloudy-day,
united kingdom,7/7/2023,71.7,58.9,64.8,0,0,82.8,53.7,69.2,0.09,0,0,,,,27.5,12.8,215.9,1014.5,25.8,11.6,,,,,2023-07-07T04:52:14,2023-07-07T21:18:10,0.61,Partially cloudy,,partly-cloudy-day,
united kingdom,7/8/2023,71.3,59.3,64.8,0,0,84.5,53.3,68.4,0.1,0,0,,,,30,12.3,218.4,1015.6,29.3,11.6,,,,,2023-07-08T04:53:10,2023-07-08T21:17:32,0.67,Partially cloudy,,partly-cloudy-day,
united kingdom,7/9/2023,72.9,58.2,65,0,0,82.5,52.6,66.6,0.08,0,0,,,,24.2,12.1,210.4,1016,28.3,12.5,,,,,2023-07-09T04:54:08,2023-07-09T21:16:51,0.72,Partially cloudy,,partly-cloudy-day,
united kingdom,7/10/2023,72.6,58.2,65,0,0,83.6,52.8,66.5,0.07,0,0,,,,26.6,12.1,209,1015.1,22.2,12.4,,,,,2023-07-10T04:55:08,2023-07-10T21:16:07,0.78,Partially cloudy,,partly-cloudy-day,
united kingdom,7/11/2023,71.5,58.4,64.3,0,0,71.5,52.1,66.3,0.06,0,0,,,,31.1,12.5,222.8,1015.5,20.2,12.9,,,,,2023-07-11T04:56:10,2023-07-11T21:15:19,0.83,Partially cloudy,,partly-cloudy-day,
united kingdom,7/12/2023,71.9,57.6,64.1,0,0,80.9,52.1,67.4,0.13,0,0,,,,24.2,11.6,195.1,1016.4,18.5,12.2,,,,,2023-07-12T04:57:14,2023-07-12T21:14:30,0.88,Clear,,clear-day,
united kingdom,7/13/2023,72.9,58.6,65.2,0,0,83.2,52.8,66.3,0.09,0,0,,,,0,11.6,213.1,1015.8,17.2,11.9,,,,,2023-07-13T04:58:19,2023-07-13T21:13:37,0.92,Clear,,clear-day,
united kingdom,7/14/2023,73.1,58.9,65.7,0,0,82.7,52.2,64.3,0.06,0,0,,,0,24.2,12.5,213.3,1016.3,17.2,13.2,,,,,2023-07-14T04:59:27,2023-07-14T21:12:41,0.95,Clear,,clear-day,
united kingdom,7/15/2023,74.4,59.4,66.6,0,0,82.7,52.4,63.3,0.04,0,0,,,,35.8,12.1,217.9,1017.4,17.5,12.9,,,,,2023-07-15T05:00:37,2023-07-15T21:11:43,0.98,Clear,,clear-day,
united kingdom,7/16/2023,74.6,59.8,67.4,0,0,82.1,54.1,64.8,0.05,0,0,,,,26.8,12.5,211.6,1016.9,22.2,12.6,,,,,2023-07-16T05:01:48,2023-07-16T21:10:43,1,Partially cloudy,,partly-cloudy-day,
united kingdom,7/17/2023,75.1,59.8,67.4,0,0,84.5,53.5,63.8,0.08,0,0,,,,25.7,13,209.5,1015.3,22.9,11.6,,,,,2023-07-17T05:03:01,2023-07-17T21:09:39,1,Partially cloudy,,partly-cloudy-day,
united kingdom,7/18/2023,75.8,60.3,67.6,0,0,84.3,53.5,63.7,0.07,0,0,,,,29.8,11.9,202,1014.6,20.4,12.5,,,,,2023-07-18T05:04:15,2023-07-18T21:08:33,0,Partially cloudy,,partly-cloudy-day,
united kingdom,7/19/2023,76,60.2,67.7,0,0,84.6,53.3,62.5,0.05,0,0,,,,29.3,12.5,202.1,1013.8,20.1,13,,,,,2023-07-19T05:05:31,2023-07-19T21:07:25,0.01,Partially cloudy,,partly-cloudy-day,
united kingdom,7/20/2023,74,61.1,67,0,0,84.5,53.5,64.3,0.16,0,0,,,,30,12.3,219.2,1013.6,22.2,12.9,,,,,2023-07-20T05:06:48,2023-07-20T21:06:14,0.03,Partially cloudy,,partly-cloudy-day,
united kingdom,7/21/2023,73.8,59.1,66.1,0,0,84.8,53.3,65.2,0.1,0,0,,,,28.9,11,217.2,1015.7,19.7,12.8,,,,,2023-07-21T05:08:07,2023-07-21T21:05:00,0.06,Clear,,clear-day,
united kingdom,7/22/2023,74,59.3,66.3,0,0,84.1,54.8,67.9,0.06,0,0,,,,14.5,9.8,215.4,1016.9,25.3,11.5,,,,,2023-07-22T05:09:27,2023-07-22T21:03:44,0.1,Partially cloudy,,partly-cloudy-day,
united kingdom,7/23/2023,75.8,59.6,67.4,0,0,84.5,54.9,66.6,0.04,0,0,,,,24.2,11.2,199.7,1015.9,19.8,11.7,,,,,2023-07-23T05:10:48,2023-07-23T21:02:26,0.14,Clear,,clear-day,
united kingdom,7/24/2023,75.6,59.8,67.6,0,0,83.7,54.1,64.5,0.08,0,0,,,,26.6,12.1,217.6,1015,23.2,12.2,,,,,2023-07-24T05:12:10,2023-07-24T21:01:06,0.18,Partially cloudy,,partly-cloudy-day,
united kingdom,7/25/2023,76.7,60.3,68.1,0,0,85.9,54.9,65.1,0.05,0,0,,,,30.4,11.4,205.2,1014.3,22.3,12,,,,,2023-07-25T05:13:34,2023-07-25T20:59:43,0.23,Partially cloudy,,partly-cloudy-day,
united kingdom,7/26/2023,75.6,61.2,68.1,0,0,85.2,55.3,66,0.05,0,0,,,,25.7,10.5,195.9,1014,18.8,11.9,,,,,2023-07-26T05:14:58,2023-07-26T20:58:19,0.28,Clear,,clear-day,
united kingdom,7/27/2023,75.3,61.4,67.7,0,0,85.2,55.7,67.4,0.1,0,0,,,,31.1,10.1,220.6,1013.2,20,11.2,,,,,2023-07-27T05:16:24,2023-07-27T20:56:52,0.33,Clear,,clear-day,
united kingdom,7/28/2023,75.5,61.1,67.6,0,0,84.3,54.1,63.9,0.12,0,0,,,,34.2,12.5,211.4,1013.8,20.8,11.6,,,,,2023-07-28T05:17:50,2023-07-28T20:55:23,0.38,Partially cloudy,,partly-cloudy-day,
united kingdom,7/29/2023,74.4,60.2,66.8,0,0,84.6,54.4,66.8,0.12,0,0,,,,28.9,13,213.7,1014,19.8,11.4,,,,,2023-07-29T05:19:17,2023-07-29T20:53:52,0.43,Clear,,clear-day,
united kingdom,7/30/2023,73.8,60.2,66.6,0,0,86.1,53.5,64.7,0.08,0,0,,,0,27.7,11.6,236.1,1015,21,12,,,,,2023-07-30T05:20:45,2023-07-30T20:52:19,0.46,Partially cloudy,,partly-cloudy-day,
united kingdom,7/31/2023,75.1,60.2,67.2,0,0,82.5,53.9,64.5,0.05,0,0,,,,26.4,10.7,217.2,1015.5,20.5,11.6,,,,,2023-07-31T05:22:14,2023-07-31T20:50:44,0.49,Partially cloudy,,partly-cloudy-day,
united kingdom,8/1/2023,75.3,59.6,67.2,0,0,86.4,53.9,64.5,0.02,0,0,,,,28.9,11.2,197.1,1014.5,20,11.6,,,,,2023-08-01T05:23:43,2023-08-01T20:49:07,0.5,Clear,,clear-day,
united kingdom,8/2/2023,75.1,60.2,67.2,0,0,84.3,54.9,67.1,0.07,0,0,,,,23.7,11.4,206.1,1013.6,18.8,10.8,,,,,2023-08-02T05:25:14,2023-08-02T20:47:28,0.51,Clear,,clear-day,
united kingdom,8/3/2023,74.9,60.5,67.2,0,0,85.2,54.9,67,0.03,0,0,,,,32,11.9,214.3,1013.8,21.9,10.9,,,,,2023-08-03T05:26:44,2023-08-03T20:45:48,0.53,Partially cloudy,,partly-cloudy-day,
united kingdom,8/4/2023,74.6,60.2,66.6,0,0,82.5,54.8,67.8,0.11,0,0,,,,25.9,12.5,211.2,1015.1,18.5,11.7,,,,,2023-08-04T05:28:16,2023-08-04T20:44:06,0.55,Clear,,clear-day,
united kingdom,8/5/2023,75.8,60,67.4,0,0,82.7,54.9,66.9,0.09,0,0,,,,34.7,10.3,202.5,1015.4,18.8,10.9,,,,,2023-08-05T05:29:47,2023-08-05T20:42:22,0.6,Clear,,clear-day,
united kingdom,8/6/2023,76.9,60.5,68.3,0,0,84.1,55.5,66.1,0.06,0,0,,,0,31.1,11.6,233,1014.9,17.9,11.8,,,,,2023-08-06T05:31:20,2023-08-06T20:40:37,0.65,Clear,,clear-day,
united kingdom,8/7/2023,74.7,60.2,67,0,0,83.9,55.7,69.4,0.18,0,0,,,,32.2,11.4,219.7,1014.4,17.8,11.4,,,,,2023-08-07T05:32:52,2023-08-07T20:38:50,0.7,Clear,,clear-day,
united kingdom,8/8/2023,73.8,59.4,66.3,0,0,87.2,54.4,68,0.08,0,0,,,,30.6,10.3,207.7,1014.5,17.6,10.4,,,,,2023-08-08T05:34:25,2023-08-08T20:37:01,0.76,Clear,,clear-day,
united kingdom,8/9/2023,73.3,59.3,65.9,0,0,90.4,54.2,68.5,0.2,0,0,,,,32.2,10.5,226.2,1014.6,19.3,10.5,,,,,2023-08-09T05:35:59,2023-08-09T20:35:11,0.81,Clear,,clear-day,
united kingdom,8/10/2023,72.9,58.6,65.4,0,0,97.6,53.9,68.8,0.14,0,0,,,,37.8,12.1,230.9,1015,18,12,,,,,2023-08-10T05:37:33,2023-08-10T20:33:19,0.86,Clear,,clear-day,
united kingdom,8/11/2023,73.5,58.4,65.6,0,0,97.4,53.5,67,0.02,0,0,,,,28,11.6,221,1015.4,19.6,12.6,,,,,2023-08-11T05:39:07,2023-08-11T20:31:27,0.9,Clear,,clear-day,
united kingdom,8/12/2023,72.1,59.6,65.4,0,0,84.3,54.6,69.7,0.06,0,0,,,,29.3,11.9,226.7,1013.6,21.9,12,,,,,2023-08-12T05:40:41,2023-08-12T20:29:32,0.94,Partially cloudy,,partly-cloudy-day,
united kingdom,8/13/2023,72.2,58.7,65,0,0,82.1,54.4,70.4,0.13,0,0,,,,,12.3,242.3,1013.6,21.3,11.5,,,,,2023-08-13T05:42:15,2023-08-13T20:27:37,0.97,Partially cloudy,,partly-cloudy-day,
united kingdom,8/14/2023,72.2,59.4,65.2,0,0,81.4,55.1,71.6,0.07,0,0,,,,26.2,10.7,217.1,1013.8,16,11.7,,,,,2023-08-14T05:43:50,2023-08-14T20:25:40,0.99,Clear,,clear-day,
united kingdom,8/15/2023,74,59.3,66.1,0,0,85.6,54.1,67.3,0.03,0,0,,,,30,12.5,223.9,1014.3,16.7,12.7,,,,,2023-08-15T05:45:25,2023-08-15T20:23:42,1,Clear,,clear-day,
united kingdom,8/16/2023,71.9,58.4,64.5,0,0,82.5,53.5,69.1,0.1,0,0,,,,28.4,11.9,205,1014.2,19.9,12.4,,,,,2023-08-16T05:47:00,2023-08-16T20:21:42,0,Clear,,clear-day,
united kingdom,8/17/2023,73.1,58.7,65.4,0,0,82.8,53.5,67.8,0.02,0,0,,,,30,12.1,199,1011.9,19.4,12.7,,,,,2023-08-17T05:48:35,2023-08-17T20:19:42,0.01,Clear,,clear-day,
united kingdom,8/18/2023,72.6,60,65.4,0,0,85.7,54.9,70.4,0.13,0,0,,,,31.1,11.9,206.8,1009.8,22.5,11.8,,,,,2023-08-18T05:50:11,2023-08-18T20:17:40,0.02,Partially cloudy,,partly-cloudy-day,
united kingdom,8/19/2023,71.9,58.7,64.7,0,0,84.1,54.2,70.9,0.18,0,0,,,,32.2,12.5,239.1,1012,22.9,12.5,,,,,2023-08-19T05:51:46,2023-08-19T20:15:38,0.04,Partially cloudy,,partly-cloudy-day,
united kingdom,8/20/2023,70.4,58,63.9,0,0,70.4,53.3,70.3,0.03,0,0,,,,25.5,11.4,233.4,1016.1,16.9,12.6,,,,,2023-08-20T05:53:22,2023-08-20T20:13:34,0.07,Clear,,clear-day,
united kingdom,8/21/2023,71.5,58,64.5,0,0,71.5,53.1,68.8,0.06,0,0,,,,26.2,11,229.2,1018.3,13.5,12.7,,,,,2023-08-21T05:54:57,2023-08-21T20:11:30,0.11,Clear,,clear-day,
united kingdom,8/22/2023,72.2,58.7,65.2,0,0,85.7,54.6,70.4,0.03,0,0,,,,,11.2,202.4,1018.2,22.1,12.8,,,,,2023-08-22T05:56:33,2023-08-22T20:09:24,0.15,Partially cloudy,,partly-cloudy-day,
united kingdom,8/23/2023,72.4,58.7,65.4,0,0,82.8,54.6,70.4,0.15,0,0,,,,24.8,11.9,190.5,1015.4,22.7,11.4,,,,,2023-08-23T05:58:08,2023-08-23T20:07:18,0.2,Partially cloudy,,partly-cloudy-day,
united kingdom,8/24/2023,71.7,58.4,64.7,0,0,85.9,54.8,72.5,0.13,0,0,,,,33.6,11.9,198.5,1013.6,18,10.3,,,,,2023-08-24T05:59:44,2023-08-24T20:05:10,0.26,Clear,,clear-day,
united kingdom,8/25/2023,72.6,57.3,64.5,0,0,87.2,55.1,73.7,0.18,0,0,,,,27.7,11.6,184.6,1013.3,19.7,9.8,,,,,2023-08-25T06:01:20,2023-08-25T20:03:02,0.31,Clear,,clear-day,
united kingdom,8/26/2023,71.1,59.3,64.8,0,0,83.9,55.8,75,0.16,0,0,,,,30.2,12.1,196.1,1013.8,26.2,10.8,,,,,2023-08-26T06:02:55,2023-08-26T20:00:53,0.36,Partially cloudy,,partly-cloudy-day,
united kingdom,8/27/2023,71,58,64.1,0,0,89,53.7,70.5,0.04,0,0,,,,17.2,11.2,204.8,1015.5,23.9,11.7,,,,,2023-08-27T06:04:31,2023-08-27T19:58:43,0.41,Partially cloudy,,partly-cloudy-day,
united kingdom,8/28/2023,71.3,58,64.1,0,0,82.5,52.8,68.2,0.04,0,0,,,,27.1,10.7,214.2,1016.5,18.9,11.6,,,,,2023-08-28T06:06:07,2023-08-28T19:56:33,0.45,Clear,,clear-day,
united kingdom,8/29/2023,70.4,57.3,63.4,0,0,70.4,52.2,68.2,0.04,0,0,,,,28.2,11.4,233.2,1017,20.5,11.7,,,,,2023-08-29T06:07:42,2023-08-29T19:54:22,0.48,Partially cloudy,,partly-cloudy-day,
united kingdom,8/30/2023,69.9,56.7,63.1,0,0,81.6,51.5,67.9,0.02,0,0,,,,34.7,11.2,221.3,1018.3,18.8,12.6,,,,,2023-08-30T06:09:18,2023-08-30T19:52:10,0.5,Clear,,clear-day,
united kingdom,8/31/2023,70.6,56.4,63.1,0,0,88.8,51.3,68.4,0.06,0,0,,,,26.6,10.1,228.6,1018.2,18.7,12.1,,,,,2023-08-31T06:10:54,2023-08-31T19:49:57,0.5,Clear,,clear-day,
united kingdom,9/1/2023,70.1,55.3,62.7,0,0,70.1,50.6,67,0.02,0,0,,,,32.2,10.7,215.3,1018.8,15.8,12.4,,,,,2023-09-01T06:12:29,2023-09-01T19:47:44,0.52,Clear,,clear-day,
united kingdom,9/2/2023,71,55.8,63.2,0,0,81.4,52.4,70.2,0.03,0,0,,,,24.2,10.7,201,1018.5,21.4,10.9,,,,,2023-09-02T06:14:05,2023-09-02T19:45:31,0.54,Partially cloudy,,partly-cloudy-day,
united kingdom,9/3/2023,71.3,57.3,63.8,0,0,71.3,52.4,68.7,0.03,0,0,,,,30,13,196.6,1017.6,21.1,10.9,,,,,2023-09-03T06:15:40,2023-09-03T19:43:17,0.59,Partially cloudy,,partly-cloudy-day,
united kingdom,9/4/2023,71.3,56.9,63.6,0,0,81.8,52.6,69.5,0.04,0,0,,,,27.7,12.3,196.1,1017.8,13.7,10.4,,,,,2023-09-04T06:17:16,2023-09-04T19:41:02,0.63,Clear,,clear-day,
united kingdom,9/5/2023,71.3,57.8,64.1,0,0,82.8,53.7,70.7,0.05,0,0,,,,25.3,11.2,209.7,1018,16.2,8.9,,,,,2023-09-05T06:18:51,2023-09-05T19:38:47,0.68,Clear,,clear-day,
united kingdom,9/6/2023,69.9,58.2,63.6,0,0,81.1,53.7,71.9,0.05,0,0,,,,33.6,12.1,230.3,1016.3,20.5,9.8,,,,,2023-09-06T06:20:27,2023-09-06T19:36:31,0.73,Partially cloudy,,partly-cloudy-day,
united kingdom,9/7/2023,69.5,56.6,62.7,0,0,82.5,51.9,69.7,0.04,0,0,,,,28.2,11.4,219.5,1016.7,23.2,12.4,,,,,2023-09-07T06:22:02,2023-09-07T19:34:15,0.78,Partially cloudy,,partly-cloudy-day,
united kingdom,9/8/2023,69.7,55.5,62.1,0,0,81.1,51.7,70.6,0.03,0,0,,,,30,11.2,202.8,1016.6,19.4,12,,,,,2023-09-08T06:23:38,2023-09-08T19:31:59,0.83,Clear,,clear-day,
united kingdom,9/9/2023,69,56.4,62.1,0,0,80.9,52.6,72.5,0.06,0,0,,,,24.2,11.4,192.2,1016.4,21.7,10.8,,,,,2023-09-09T06:25:13,2023-09-09T19:29:42,0.88,Partially cloudy,,partly-cloudy-day,
united kingdom,9/10/2023,69.9,56.4,62.9,0,0,80.7,53.7,73.6,0.04,0,0,,,,30,11.4,195.3,1016.9,20.1,10.7,,,,,2023-09-10T06:26:49,2023-09-10T19:27:25,0.92,Partially cloudy,,partly-cloudy-day,
united kingdom,9/11/2023,69.9,56.9,63.2,0,0,83.2,53,71.1,0.03,0,0,,,,32.7,11.9,198.7,1016.5,21.3,10.3,,,,,2023-09-11T06:28:25,2023-09-11T19:25:08,0.95,Partially cloudy,,partly-cloudy-day,
united kingdom,9/12/2023,69.5,56.2,62.5,0,0,43.2,52.8,72.1,0.03,0,0,,,,33.1,11.4,200.6,1017.7,24.2,11.9,,,,,2023-09-12T06:30:00,2023-09-12T19:22:50,0.98,Partially cloudy,,partly-cloudy-day,
united kingdom,9/13/2023,69.2,55.8,61.8,0,0,90.9,51.7,71.3,0.06,0,0,,,,42.1,12.1,198,1017.5,18.5,11,,,,,2023-09-13T06:31:36,2023-09-13T19:20:33,0.99,Clear,,clear-day,
united kingdom,9/14/2023,68.3,55.7,61.2,0,0,83.6,51.2,71.4,0.14,0,0,,,,30.9,11.9,206,1016.3,22.2,11.3,,,,,2023-09-14T06:33:11,2023-09-14T19:18:15,1,Partially cloudy,,partly-cloudy-day,
united kingdom,9/15/2023,67.6,53.7,60.2,0,0,85.4,50.8,73.2,0.15,0,0,,,,24.2,11.4,202.2,1016.1,24.8,10.6,,,,,2023-09-15T06:34:47,2023-09-15T19:15:57,0,Partially cloudy,,partly-cloudy-day,
united kingdom,9/16/2023,66.3,54.4,60.2,0,0,79.1,50.3,71.6,0.13,0,0,,,,31.8,11,200.2,1014.3,18.6,11.9,,,,,2023-09-16T06:36:23,2023-09-16T19:13:38,0.01,Clear,,clear-day,
united kingdom,9/17/2023,65.6,54.2,59.6,0,0,79.8,49.4,70.7,0.03,0,0,,,,17.2,10.3,215.5,1014.8,19.5,11.9,,,,,2023-09-17T06:37:59,2023-09-17T19:11:20,0.03,Clear,,clear-day,
united kingdom,9/18/2023,65.6,54.1,59.4,0,0,41.1,50.1,72.7,0.03,0,0,,,,32.2,12.1,209,1014.6,22.8,10,,,,,2023-09-18T06:39:35,2023-09-18T19:09:01,0.05,Partially cloudy,,partly-cloudy-day,
united kingdom,9/19/2023,66.6,54.4,60,0,0,45.4,50.8,73.3,0.06,0,0,,,,36.5,11.2,214.3,1015.8,23.7,9.9,,,,,2023-09-19T06:41:11,2023-09-19T19:06:43,0.09,Partially cloudy,,partly-cloudy-day,
united kingdom,9/20/2023,67.4,55.7,61.1,0,0,81.2,52.2,74.2,0.02,0,0,,,,30.6,11.4,194,1016.3,21,9.4,,,,,2023-09-20T06:42:47,2023-09-20T19:04:24,0.13,Partially cloudy,,partly-cloudy-day,
united kingdom,9/21/2023,67.6,55.5,61.1,0,0,81.9,51.3,72.2,0.03,0,0,,,,39.1,11.6,183.7,1016.2,21.5,10.3,,,,,2023-09-21T06:44:23,2023-09-21T19:02:06,0.18,Partially cloudy,,partly-cloudy-day,
united kingdom,9/22/2023,67,54.4,60,0,0,44.7,52.1,76.3,0.11,0,0,,,,21.9,11,200.1,1016.3,19.4,9.7,,,,,2023-09-22T06:45:59,2023-09-22T18:59:47,0.23,Clear,,clear-day,
united kingdom,9/23/2023,65.4,53.9,59.3,0,0,46.1,51,75.8,0.08,0,0,,,,25.5,12.8,181.1,1016.3,17.6,11.2,,,,,2023-09-23T06:47:36,2023-09-23T18:57:29,0.28,Clear,,clear-day,
united kingdom,9/24/2023,64.8,53.1,58.6,0,0,45.8,49.9,74.6,0.2,0,0,,,0,31.5,11.2,194.8,1016,17,11.1,,,,,2023-09-24T06:49:12,2023-09-24T18:55:11,0.34,Clear,,clear-day,
united kingdom,9/25/2023,65.4,52.2,58.4,0,0,44.1,49.7,74.4,0.03,0,0,,,,30.6,10.1,211.1,1016.7,19.7,10.7,,,,,2023-09-25T06:50:49,2023-09-25T18:52:52,0.4,Clear,,clear-day,
united kingdom,9/26/2023,65.9,53.3,58.9,0,0,42.7,50.3,74.7,0.04,0,0,,,,28.9,11,214.9,1018.1,21.1,10.3,,,,,2023-09-26T06:52:26,2023-09-26T18:50:34,0.44,Partially cloudy,,partly-cloudy-day,
united kingdom,9/27/2023,66.1,53.7,59.4,0,0,44.5,51.7,76.9,0.04,0,0,,,,35.8,10.3,208.5,1018.4,26,9.6,,,,,2023-09-27T06:54:03,2023-09-27T18:48:16,0.47,Partially cloudy,,partly-cloudy-day,
united kingdom,9/28/2023,66.5,54.6,60,0,0,46.5,52.1,76.5,0.06,0,0,,,1.5,27.5,11.2,197,1017.2,21.2,9.8,,,,,2023-09-28T06:55:40,2023-09-28T18:45:59,0.49,Partially cloudy,,partly-cloudy-day,
united kingdom,9/29/2023,65.9,54.1,59.6,0,0,81.8,51.7,76.5,0.14,0,0,,,1.34,33.1,11.4,193.7,1015,20.1,10.1,,,,,2023-09-29T06:57:18,2023-09-29T18:43:41,0.5,Partially cloudy,,partly-cloudy-day,
united kingdom,9/30/2023,66.1,53.5,59.3,0,0,81.9,51.3,76.9,0.08,0,0,,,1.06,27.7,11.6,193.3,1014.3,22.3,10.1,,,,,2023-09-30T06:58:56,2023-09-30T18:41:24,0.51,Partially cloudy,,partly-cloudy-day,
united kingdom,10/1/2023,64.5,54.1,59.1,0,0,82.1,51.2,76.6,0.16,0,0,,,1.57,23.7,13.2,197.6,1012.1,22.6,9.6,,,,,2023-10-01T07:00:33,2023-10-01T18:39:07,0.53,Partially cloudy,,partly-cloudy-day,
united kingdom,10/2/2023,64.1,52.6,57.8,0,0,81.2,49.4,75,0.09,0,0,,,0.2,32.7,12.5,215.5,1013.5,23.5,10.1,,,,,2023-10-02T07:02:12,2023-10-02T18:36:51,0.56,Partially cloudy,,partly-cloudy-day,
united kingdom,10/3/2023,63.1,51.9,57.3,0,0,42.5,49.5,76.8,0.08,0,0,,,1.18,31.8,11.6,226,1014.7,20.5,10.7,,,,,2023-10-03T07:03:50,2023-10-03T18:34:34,0.61,Partially cloudy,,partly-cloudy-day,
united kingdom,10/4/2023,62.3,51.5,56.7,0,0,42.5,48.3,74.5,0.04,0,0,,,1.34,31.1,12.5,225.3,1015.4,18.8,11.2,,,,,2023-10-04T07:05:29,2023-10-04T18:32:19,0.65,Clear,,clear-day,
united kingdom,10/5/2023,62.5,51.2,56.7,0,0,43.6,48.6,75.6,0.08,0,0,,,1.85,34.4,12.5,198.9,1015.1,14.2,12.1,,,,,2023-10-05T07:07:07,2023-10-05T18:30:03,0.7,Clear,,clear-day,
united kingdom,10/6/2023,61.8,51.7,56.4,0,0,42.9,48.1,75.2,0.2,0,0,,,1.65,32.9,12.5,202.6,1014,16.1,11.2,,,,,2023-10-06T07:08:47,2023-10-06T18:27:48,0.75,Clear,,clear-day,
united kingdom,10/7/2023,61.1,50.6,55.7,0,0,44,47.9,76.4,0.1,0,0,,,1.22,27.3,11.4,204.5,1015.3,22.6,10.3,,,,,2023-10-07T07:10:26,2023-10-07T18:25:34,0.8,Partially cloudy,,partly-cloudy-day,
united kingdom,10/8/2023,62.3,51.5,56.6,0,0,45.6,48.6,76.2,0.07,0,0,,,1.54,33.6,11,207.6,1016.1,22,10.5,,,,,2023-10-08T07:12:06,2023-10-08T18:23:20,0.85,Partially cloudy,,partly-cloudy-day,
united kingdom,10/9/2023,62.5,51.3,56.6,0,0,46.1,49,76.8,0.11,0,0,,,1.77,32,11.6,198.3,1016.3,20.2,10.4,,,,,2023-10-09T07:13:46,2023-10-09T18:21:07,0.89,Partially cloudy,,partly-cloudy-day,
united kingdom,10/10/2023,63.2,52.1,57.3,0,0,42.3,49.4,75.7,0.04,0,0,,,2.17,33.1,13,190.5,1015.6,22.5,11.2,,,,,2023-10-10T07:15:26,2023-10-10T18:18:54,0.93,Partially cloudy,,partly-cloudy-day,
united kingdom,10/11/2023,62.7,53,57.5,0,0,42,49.7,76.2,0.09,0,0,,,2.09,33.3,12.3,180,1014.1,20.3,9.5,,,,,2023-10-11T07:17:07,2023-10-11T18:16:42,0.96,Partially cloudy,,partly-cloudy-day,
united kingdom,10/12/2023,62.3,51.5,56.6,0,0,45.2,48.8,76.6,0.09,0,0,,,1.34,39.1,11.2,187.1,1016.3,18.7,8.9,,,,,2023-10-12T07:18:48,2023-10-12T18:14:31,0.98,Clear,,clear-day,
united kingdom,10/13/2023,61.8,52.1,56.6,0,0,44.9,49.7,78.7,0.14,0,0,,,2.17,32.9,11.2,163.7,1016.5,18,8.3,,,,,2023-10-13T07:20:29,2023-10-13T18:12:20,1,Clear,,clear-day,
united kingdom,10/14/2023,60,51,55.1,0,0,42.7,48.5,79.1,0.09,0,0,,,1.57,23.5,10.3,174.8,1016,24.5,8.5,,,,,2023-10-14T07:22:10,2023-10-14T18:10:10,1,Partially cloudy,,partly-cloudy-day,
united kingdom,10/15/2023,60.5,51,55.3,0,0,43.6,48.6,79.1,0.1,0,0,,,1.42,23,11.6,176.1,1014.4,25.3,7.8,,,,,2023-10-15T07:23:52,2023-10-15T18:08:01,0,Partially cloudy,,partly-cloudy-day,
united kingdom,10/16/2023,61.1,50.4,55.1,0,0,44.9,48.3,78.8,0.07,0,0,,,1.97,32.9,13.2,193,1014.3,19.8,8.5,,,,,2023-10-16T07:25:34,2023-10-16T18:05:52,0.02,Clear,,clear-day,
united kingdom,10/17/2023,59.6,49.2,54.1,0,0,42.7,46.5,76.5,0.05,0,0,,,0.98,25.9,11.9,202.5,1015.7,15.9,9.4,,,,,2023-10-17T07:27:17,2023-10-17T18:03:45,0.04,Clear,,clear-day,
united kingdom,10/18/2023,59.6,49.9,54.2,0,0,42.2,46.3,75.4,0.04,0,0,,,0.98,31.8,11.4,185,1014.5,17,9.9,,,,,2023-10-18T07:28:59,2023-10-18T18:01:38,0.07,Clear,,clear-day,
united kingdom,10/19/2023,59.1,49.2,53.9,0,0,41.1,46.3,76.7,0.08,0,0,,,1.73,30.6,12.1,190,1012.9,18.2,10.1,,,,,2023-10-19T07:30:42,2023-10-19T17:59:33,0.11,Clear,,clear-day,
united kingdom,10/20/2023,58.6,48.6,53.1,0,0,41.6,45.8,76.9,0.11,0,0,,,1.38,34,11.6,198.6,1011.9,24.3,9.5,,,,,2023-10-20T07:32:26,2023-10-20T17:57:28,0.16,Partially cloudy,,partly-cloudy-day,
united kingdom,10/21/2023,58.7,48.8,53.5,0,0,40.7,46.7,78.7,0.16,0,0,,,1.14,39.6,11.4,213.3,1010.3,23.4,9.1,,,,,2023-10-21T07:34:09,2023-10-21T17:55:24,0.21,Partially cloudy,,partly-cloudy-day,
united kingdom,10/22/2023,58.7,49,53.9,0,0,40.7,46.8,77.8,0.07,0,0,,,0.98,29.1,11.2,194.5,1011.5,24.5,9.4,,,,,2023-10-22T07:35:53,2023-10-22T17:53:22,0.27,Partially cloudy,,partly-cloudy-day,
united kingdom,10/23/2023,59.3,49.5,54.4,0,0,41.6,47.6,78.4,0.11,0,0,,,1.1,32.4,12.3,186.2,1011.4,19.9,9.7,,,,,2023-10-23T07:37:38,2023-10-23T17:51:20,0.33,Clear,,clear-day,
united kingdom,10/24/2023,59.1,50.6,54.8,0,0,36.9,48.5,79.7,0.15,0,0,,,1.85,30,13,197.6,1011.3,22.8,10,,,,,2023-10-24T07:39:22,2023-10-24T17:49:20,0.38,Partially cloudy,,partly-cloudy-day,
united kingdom,10/25/2023,59.4,49,54.1,0,0,41.6,46.8,77.5,0.07,0,0,,,1.3,36.5,12.8,204.5,1012.8,18.7,10.4,,,,,2023-10-25T07:41:07,2023-10-25T17:47:20,0.43,Clear,,clear-day,
united kingdom,10/26/2023,58.6,48.6,54.1,0,0,40.7,47.4,79.3,0.06,0,0,,,1.26,33.3,12.3,213.6,1014.2,16.9,10.2,,,,,2023-10-26T07:42:52,2023-10-26T17:45:22,0.46,Clear,,clear-day,
united kingdom,10/27/2023,58.9,49,53.5,0,0,40.2,45.9,76.7,0.03,0,0,,,1.38,36.2,12.1,224.3,1015.6,18.1,10.2,,,,,2023-10-27T07:44:37,2023-10-27T17:43:26,0.49,Clear,,clear-day,
united kingdom,10/28/2023,58.9,48.5,53.7,0,0,35,47.2,79.7,0.14,4.8,2,,,0.94,33.8,10.7,211,1015.6,18.2,9.7,,,,,2023-10-28T07:46:22,2023-10-28T17:41:30,0.5,Clear,,clear-day,
united kingdom,10/29/2023,57.5,48.8,53.1,0,0,40.7,46.5,78.6,0.05,0,0,,,,31.1,11,194.8,1013.6,23.1,9.2,,,,,2023-10-29T06:48:08,2023-10-29T16:39:36,0.5,Partially cloudy,,partly-cloudy-day,
united kingdom,10/30/2023,58.4,49.2,53.3,0,0,38.9,47.2,80,0.11,0,0,,,,25.9,11.9,183.4,1011.1,21.8,8.3,,,,,2023-10-30T06:49:54,2023-10-30T16:37:43,0.52,Partially cloudy,,partly-cloudy-day,
united kingdom,10/31/2023,58.6,48.8,53.3,0,0,40.5,46.7,78.6,0.05,0,0,,,,34.4,11.6,179,1011.9,22.7,9.4,,,,,2023-10-31T06:51:39,2023-10-31T16:35:52,0.54,Partially cloudy,,partly-cloudy-day,
united kingdom,11/1/2023,57.1,47.9,52.4,0,0,40.9,45.9,79.9,0.09,0,0,,,,25.1,11.4,210.2,1011.9,21.7,8.9,,,,,2023-11-01T06:53:25,2023-11-01T16:34:02,0.58,Partially cloudy,,partly-cloudy-day,
united kingdom,11/2/2023,56.7,46.7,51.7,0,0,39.6,45,79.1,0.13,0,0,,,,30,11.9,213.2,1010.7,20.1,9.3,,,,,2023-11-02T06:55:12,2023-11-02T16:32:14,0.62,Partially cloudy,,partly-cloudy-day,
united kingdom,11/3/2023,56.6,47,51.7,0,0,41.3,44.9,77.8,0.07,0,0,,,,29.3,11.4,213.8,1009.3,17.1,9.4,,,,,2023-11-03T06:56:58,2023-11-03T16:30:28,0.67,Clear,,clear-day,
united kingdom,11/4/2023,55.7,46.5,51,0,0,41.1,44.5,79.4,0.15,0,0,,,,25.1,10.1,215.9,1010,16.5,9.8,,,,,2023-11-04T06:58:44,2023-11-04T16:28:43,0.71,Clear,,clear-day,
united kingdom,11/5/2023,55.3,45.2,50.6,0,0,39.8,44.5,80.1,0.07,0,0,,,,31.8,11.9,234.4,1012.1,22.2,8.4,,,,,2023-11-05T07:00:30,2023-11-05T16:27:00,0.76,Partially cloudy,,partly-cloudy-day,
united kingdom,11/6/2023,54.9,45.8,50.4,0,0,39.8,44.5,80.6,0.12,0,0,,,,27.5,10.5,228.4,1012.6,22.1,8.1,,,,,2023-11-06T07:02:16,2023-11-06T16:25:18,0.81,Partially cloudy,,partly-cloudy-day,
united kingdom,11/7/2023,54.4,46.1,50.4,0,0,39.5,43.8,78.9,0.07,0,0,,,,32.7,14.8,217.9,1011.3,19.3,9.4,,,,,2023-11-07T07:04:02,2023-11-07T16:23:38,0.85,Clear,,clear-day,
united kingdom,11/8/2023,53.9,44.7,49.4,0,0,38.9,43.4,80.5,0.17,4.8,2,,,0,30.2,13.4,210.7,1010.2,28.8,9.2,,,,,2023-11-08T07:05:48,2023-11-08T16:22:01,0.89,Partially cloudy,,partly-cloudy-day,
united kingdom,11/9/2023,51.9,44,47.9,0,0,38.2,41.8,80.1,0.11,0,0,,,,31.8,12.5,208.3,1012.9,24.9,9.4,,,,,2023-11-09T07:07:33,2023-11-09T16:20:25,0.93,Partially cloudy,,partly-cloudy-day,
united kingdom,11/10/2023,53.9,44.5,49.4,0,0,39.5,43.1,79.9,0.14,4.8,2,,,,32.4,12.1,218.1,1014.4,20.7,9.3,,,,,2023-11-10T07:09:19,2023-11-10T16:18:51,0.96,Partially cloudy,,partly-cloudy-day,
united kingdom,11/11/2023,54.2,45.6,50.1,0,0,40.4,44,80,0.13,0,0,,,,31.8,13,204.4,1013,22.8,8.8,,,,,2023-11-11T07:11:04,2023-11-11T16:17:19,0.99,Partially cloudy,,partly-cloudy-day,
united kingdom,11/12/2023,53.7,46.1,50.3,0,0,40.2,44,79.7,0.13,0,0,,,,30.4,13,225.2,1013.1,21.4,8.9,,,,,2023-11-12T07:12:49,2023-11-12T16:15:49,1,Partially cloudy,,partly-cloudy-day,
united kingdom,11/13/2023,53.3,44.1,48.6,0,0,37.8,42.2,78.8,0.06,0,0,,,,32.2,12.5,203.3,1016,15.7,10.3,,,,,2023-11-13T07:14:33,2023-11-13T16:14:21,0,Clear,,clear-day,
united kingdom,11/14/2023,53.1,44.7,49,0,0,39.5,42.7,79.5,0.1,0,0,,,,35.3,12.8,201.9,1014.8,18.8,9.3,,,,,2023-11-14T07:16:17,2023-11-14T16:12:56,0.01,Clear,,clear-day,
united kingdom,11/15/2023,53.7,45.6,49.4,0,0,38.7,43.2,80.5,0.05,0,0,,,,30,8.7,201.9,1016.5,20,8.6,,,,,2023-11-15T07:18:01,2023-11-15T16:11:33,0.03,Clear,,clear-day,
united kingdom,11/16/2023,52.2,44.3,48.5,0,0,40,42.7,81.1,0.07,0,0,,,,28.9,10.5,201.2,1015.7,22.7,8.3,,,,,2023-11-16T07:19:43,2023-11-16T16:10:12,0.06,Partially cloudy,,partly-cloudy-day,
united kingdom,11/17/2023,52.2,44.3,47.9,0,0,39.3,41.8,79.6,0.12,4.8,2,,,,48.3,11.9,207.7,1014.5,26.2,9,,,,,2023-11-17T07:21:26,2023-11-17T16:08:53,0.09,Partially cloudy,,partly-cloudy-day,
united kingdom,11/18/2023,51.7,42.9,47.6,0,0,35.5,41.4,80.3,0.09,4.8,2,,,,38.9,12.8,199.5,1013,24.4,9.1,,,,,2023-11-18T07:23:07,2023-11-18T16:07:37,0.14,Partially cloudy,,partly-cloudy-day,
united kingdom,11/19/2023,50.6,41.8,46.3,0,0,35.9,40.2,80.1,0.13,4.8,2,,,,29.1,11.2,186,1014.8,24.6,9.1,,,,,2023-11-19T07:24:48,2023-11-19T16:06:23,0.2,Partially cloudy,,partly-cloudy-day,
united kingdom,11/20/2023,50.1,42.9,46.7,0,0,37.3,41.4,82.4,0.12,9.5,4,,,,34.4,12.1,187.2,1012.5,26.8,7.6,,,,,2023-11-20T07:26:28,2023-11-20T16:05:12,0.25,Partially cloudy,,partly-cloudy-day,
united kingdom,11/21/2023,50.8,42.9,46.8,0,0,38.2,41.4,82.1,0.13,4.8,2,,,,35.8,11.9,173.8,1009.1,29.3,7.5,,,,,2023-11-21T07:28:07,2023-11-21T16:04:03,0.31,Partially cloudy,,partly-cloudy-day,
united kingdom,11/22/2023,51.3,43.6,47.7,0,0,37.5,41.6,79.7,0.14,4.8,2,,,,39.1,13.2,202.5,1009.1,27.7,8.8,,,,,2023-11-22T07:29:45,2023-11-22T16:02:57,0.36,Partially cloudy,,partly-cloudy-day,
united kingdom,11/23/2023,50.4,42.5,46.3,0,0,36.9,40.7,81.5,0.22,0,0,,,,40.9,11.9,217.9,1012.2,24.1,8,,,,,2023-11-23T07:31:22,2023-11-23T16:01:53,0.41,Partially cloudy,,partly-cloudy-day,
united kingdom,11/24/2023,51,42.9,47.2,0,0,38.6,41.8,81.8,0.06,0,0,,,,31.3,12.3,202.5,1013.8,24.8,8.3,,,,,2023-11-24T07:32:57,2023-11-24T16:00:53,0.45,Partially cloudy,,partly-cloudy-day,
united kingdom,11/25/2023,50.8,43.2,47.2,0,0,38,40.9,79,0.07,0,0,,,,47.2,13.6,222.4,1012.3,25.9,9.9,,,,,2023-11-25T07:34:32,2023-11-25T15:59:55,0.48,Partially cloudy,,partly-cloudy-day,
united kingdom,11/26/2023,50.4,42.9,46.7,0,0,38,40.7,79.9,0.08,0,0,,,,25.7,11.6,231.1,1012.7,20.4,9.4,,,,,2023-11-26T07:36:05,2023-11-26T15:59:00,0.5,Partially cloudy,,partly-cloudy-day,
united kingdom,11/27/2023,51,43.8,47.6,0,0,38.6,42,81.5,0.06,0,0,,,,32,11.9,221.5,1010.9,24.9,9.4,,,,,2023-11-27T07:37:37,2023-11-27T15:58:07,0.5,Partially cloudy,,partly-cloudy-day,
united kingdom,11/28/2023,51,43.4,47.4,0,0,36.4,40.9,79,0.09,4.8,2,,,,33.3,12.8,215.1,1010.3,23.8,9.8,,,,,2023-11-28T07:39:07,2023-11-28T15:57:18,0.51,Partially cloudy,,partly-cloudy-day,
united kingdom,11/29/2023,50.3,43.1,46.8,0,0,36.4,40.9,80.4,0.09,0,0,,,,38,12.1,213,1011,24.5,8.9,,,,,2023-11-29T07:40:36,2023-11-29T15:56:32,0.53,Partially cloudy,,partly-cloudy-day,
united kingdom,11/30/2023,49.5,41.3,45.8,0,0,34.8,40,81,0.08,4.8,2,,,,33.8,12.1,207.6,1013.6,22.5,8.1,,,,,2023-11-30T07:42:03,2023-11-30T15:55:49,0.55,Partially cloudy,,partly-cloudy-day,
united kingdom,12/1/2023,50.1,41.8,46.1,0,0,36,40,79.8,0.13,4.8,2,,,,28.9,12.5,199.1,1012,26.1,8.6,,,,,2023-12-01T07:43:28,2023-12-01T15:55:08,0.59,Partially cloudy,,partly-cloudy-day,
united kingdom,12/2/2023,49,42.5,45.8,0,0,36.2,39.5,79.3,0.06,0,0,,,0.39,36,12.1,200.9,1012.4,23.3,8.8,,,,,2023-12-02T07:44:52,2023-12-02T15:54:31,0.63,Partially cloudy,,partly-cloudy-day,
united kingdom,12/3/2023,49.4,41.8,45.8,0,0,36,39.5,79.2,0.06,0,0,,,0.39,33.6,13.4,212.5,1011.9,23,8.8,,,,,2023-12-03T07:46:14,2023-12-03T15:53:57,0.67,Partially cloudy,,partly-cloudy-day,
united kingdom,12/4/2023,49.7,41.1,45.6,0,0,36.4,39.3,79.4,0.06,0,0,,,,33.3,12.8,216.3,1012.8,24.3,9.9,,,,,2023-12-04T07:47:33,2023-12-04T15:53:27,0.72,Partially cloudy,,partly-cloudy-day,
united kingdom,12/5/2023,50.3,42,46.1,0,0,35.7,39.8,79.2,0.08,0,0,,,,36.2,13.6,224.9,1013.5,22,9.9,,,,,2023-12-05T07:48:51,2023-12-05T15:52:59,0.77,Partially cloudy,,partly-cloudy-day,
united kingdom,12/6/2023,49.7,42.7,46.5,0,0,36.2,40.2,79.2,0.06,4.8,2,,,,32.9,14.3,218.6,1015.7,24.2,9.3,,,,,2023-12-06T07:50:06,2023-12-06T15:52:35,0.81,Partially cloudy,,partly-cloudy-day,
united kingdom,12/7/2023,50.6,42.3,46.7,0,0,36.4,40,78.2,0.08,0,0,,,,36.2,14.8,206.8,1014.2,19.9,9.4,,,,,2023-12-07T07:51:19,2023-12-07T15:52:14,0.86,Clear,,clear-day,
united kingdom,12/8/2023,49.5,41.4,45.6,0,0,34.8,39.5,79.3,0.08,0,0,,,,38.5,15,208.6,1014.3,23.6,8.7,,,,,2023-12-08T07:52:30,2023-12-08T15:51:56,0.9,Partially cloudy,,partly-cloudy-day,
united kingdom,12/9/2023,48.6,40,44.3,0,0,33,37.8,78,0.02,0,0,,,,31.8,13.9,216.3,1017.9,16.9,8.6,,,,,2023-12-09T07:53:38,2023-12-09T15:51:42,0.94,Clear,,clear-day,
united kingdom,12/10/2023,47.7,39.6,43.6,0,0,33,37.7,80.1,0.08,4.8,2,,,0.79,37.4,12.3,223.6,1019.3,21.8,7.8,,,,,2023-12-10T07:54:44,2023-12-10T15:51:31,0.97,Partially cloudy,,partly-cloudy-day,
united kingdom,12/11/2023,47.6,39.6,43.6,0,0,34.4,38.7,83,0.1,0,0,,,,28.9,11.9,206,1018.5,22.1,6.8,,,,,2023-12-11T07:55:47,2023-12-11T15:51:23,0.99,Partially cloudy,,partly-cloudy-day,
united kingdom,12/12/2023,48.6,38.2,43.8,0,0,33.2,38.7,82.4,0.06,0,0,,,,32.9,11.9,173.5,1017.1,29.6,7.6,,,,,2023-12-12T07:56:48,2023-12-12T15:51:19,1,Partially cloudy,,partly-cloudy-day,
united kingdom,12/13/2023,48.1,40.9,44.3,0,0,33.9,38.7,81.4,0.12,0,0,,,,37.8,13.9,180.1,1014.3,25.8,7.9,,,,,2023-12-13T07:57:46,2023-12-13T15:51:19,0,Partially cloudy,,partly-cloudy-day,
united kingdom,12/14/2023,47,39.6,43.8,0,0,34.6,37.3,78.4,0.05,0,0,,,,34.9,13,195.3,1014.2,16.3,8.6,,,,,2023-12-14T07:58:41,2023-12-14T15:51:21,0.01,Clear,,clear-day,
united kingdom,12/15/2023,47.2,40.9,44.1,0,0,32.4,37.8,79.3,0.1,0,0,,,,31.5,12.3,204.9,1015.4,17.5,9.1,,,,,2023-12-15T07:59:33,2023-12-15T15:51:28,0.04,Clear,,clear-day,
united kingdom,12/16/2023,47.2,39.5,43.4,0,0,32.8,37.7,80.4,0.09,0,0,,,,30.9,11.2,222.1,1015.2,24.8,8.8,,,,,2023-12-16T08:00:23,2023-12-16T15:51:37,0.08,Partially cloudy,,partly-cloudy-day,
united kingdom,12/17/2023,46.3,38,42.7,0,0,31.7,37.1,81,0.11,0,0,,,0.39,28,12.3,215.8,1016.6,20.3,9.4,,,,,2023-12-17T08:01:09,2023-12-17T15:51:50,0.12,Partially cloudy,,partly-cloudy-day,
united kingdom,12/18/2023,46.8,39.1,43.2,0,0,32.4,37.5,80.6,0.02,0,0,,,1.81,32.7,11.2,180.7,1018.3,16.8,8.6,,,,,2023-12-18T08:01:52,2023-12-18T15:52:06,0.18,Clear,,clear-day,
united kingdom,12/19/2023,46.5,39.1,42.9,0,0,32.4,37.3,80.9,0.09,0,0,,,4.33,26.6,10.7,203.9,1017.8,18.2,8.3,,,,,2023-12-19T08:02:33,2023-12-19T15:52:26,0.23,Clear,,clear-day,
united kingdom,12/20/2023,46.8,38.7,43.2,0,0,32.4,37.7,81.4,0.13,0,0,,,4.17,32.2,10.7,202.3,1017.1,22.5,8.4,,,,,2023-12-20T08:03:10,2023-12-20T15:52:49,0.29,Partially cloudy,,partly-cloudy-day,
united kingdom,12/21/2023,48.3,41.3,44.9,0,0,34.6,40.2,84,0.07,0,0,,,4.09,37.6,11.2,208.4,1016.3,23.3,7.8,,,,,2023-12-21T08:03:44,2023-12-21T15:53:16,0.34,Partially cloudy,,partly-cloudy-day,
united kingdom,12/22/2023,49,42,45.8,0,0,34.2,40.7,83,0.13,0,0,,,2.68,36.2,11.6,234.7,1016.7,21.4,8.9,,,,,2023-12-22T08:04:15,2023-12-22T15:53:46,0.39,Partially cloudy,,partly-cloudy-day,
united kingdom,12/23/2023,49.9,42.3,46.5,0,0,35.7,41.3,82.2,0.08,0,0,,,2.72,34.7,12.5,217,1017,24.9,8.5,,,,,2023-12-23T08:04:42,2023-12-23T15:54:19,0.43,Partially cloudy,,partly-cloudy-day,
united kingdom,12/24/2023,50.3,43.1,47,0,0,37.7,41.3,80.8,0.12,0,0,,,2.6,35.3,13.4,214.4,1013.9,26.7,9.1,,,,,2023-12-24T08:05:06,2023-12-24T15:54:55,0.47,Partially cloudy,,partly-cloudy-day,
united kingdom,12/25/2023,48.1,40.9,44.5,0,0,33.3,38.7,80.4,0.08,0,0,,,,35.6,12.5,201.2,1014,22.8,11.3,,,,,2023-12-25T08:05:27,2023-12-25T15:55:35,0.49,Partially cloudy,,partly-cloudy-day,
united kingdom,12/26/2023,47.6,39.6,43.8,0,0,32.3,38,80.8,0.09,0,0,,,,36.2,13,197.8,1013.6,20.8,10.9,,,,,2023-12-26T08:05:45,2023-12-26T15:56:17,0.5,Partially cloudy,,partly-cloudy-day,
united kingdom,12/27/2023,46.8,40.2,43.4,0,0,32.8,37.5,80,0.08,0,0,,,1.69,41.2,11.9,213.5,1011.9,21.5,10.7,,,,,2023-12-27T08:05:59,2023-12-27T15:57:03,0.5,Partially cloudy,,partly-cloudy-day,
united kingdom,12/28/2023,46.5,39.1,42.9,0,0,32.6,36.6,79.5,0.04,4.8,2,,,0.63,30,12.3,201.3,1014.7,17.5,10.4,,,,,2023-12-28T08:06:10,2023-12-28T15:57:52,0.52,Clear,,clear-day,
united kingdom,12/29/2023,46.8,38.2,42.3,0,0,32.4,37.3,82.5,0.12,4.8,2,,,0.39,29.3,13,207.3,1015.8,19.7,8.3,,,,,2023-12-29T08:06:17,2023-12-29T15:58:44,0.53,Clear,,clear-day,
united kingdom,12/30/2023,48.1,39.8,44,0,0,33.9,39.1,83.7,0.15,4.8,2,,,0.39,37.6,11.6,205.2,1016.4,23.1,7.6,,,,,2023-12-30T08:06:22,2023-12-30T15:59:39,0.56,Partially cloudy,,partly-cloudy-day,
united kingdom,12/31/2023,47.7,41.3,44.7,0,0,36.4,39.1,81.2,0.11,0,0,,,0.39,36.5,12.1,198.1,1016.7,31.5,9,,,,,2023-12-31T08:06:22,2023-12-31T16:00:37,0.6,Partially cloudy,,partly-cloudy-day,
united kingdom,1/1/2024,49,41.3,45.4,0,0,36.2,39.8,81.1,0.17,4.8,2,,,,35.1,12.1,214.5,1013.2,28.6,9.4,,,,,2024-01-01T08:06:20,2024-01-01T16:01:38,0.63,Partially cloudy,,partly-cloudy-day,
united kingdom,1/2/2024,47.7,39.8,43.8,0,0,33,37.1,77.8,0.11,0,0,,,,32.2,12.8,215.2,1015.6,27.8,9.8,,,,,2024-01-02T08:06:14,2024-01-02T16:02:41,0.68,Partially cloudy,,partly-cloudy-day,
united kingdom,1/3/2024,47,39.1,43.1,0,0,32.6,36.4,77.7,0.11,4.8,2,,,,39.1,13.2,193.5,1016,28.1,9.6,,,,,2024-01-03T08:06:04,2024-01-03T16:03:47,0.72,Partially cloudy,,partly-cloudy-day,
united kingdom,1/4/2024,46.8,39.5,43.1,0,0,33.9,37.1,79.6,0.06,0,0,,,,34.7,13.6,214.7,1015,26.8,8.8,,,,,2024-01-04T08:05:52,2024-01-04T16:04:56,0.77,Partially cloudy,,partly-cloudy-day,
united kingdom,1/5/2024,47.7,40.2,44.1,0,0,34.8,38.2,80.3,0.04,0,0,,,,37.6,12.3,212.1,1013.5,27.2,8.5,,,,,2024-01-05T08:05:36,2024-01-05T16:06:07,0.82,Partially cloudy,,partly-cloudy-day,
united kingdom,1/6/2024,47.6,40,44,0,0,34.6,38.2,80.6,0.13,0,0,,,1.89,33.1,10.7,191.8,1015.7,26.1,8.3,,,,,2024-01-06T08:05:16,2024-01-06T16:07:21,0.87,Partially cloudy,,partly-cloudy-day,
united kingdom,1/7/2024,47.9,40.5,44.3,0,0,33.9,38.4,80,0.08,4.8,2,,,2.48,38.5,13.2,209.3,1016.5,29.2,8.9,,,,,2024-01-07T08:04:54,2024-01-07T16:08:37,0.91,Partially cloudy,,partly-cloudy-day,
united kingdom,1/8/2024,48.1,40.7,44.5,0,0,35,38.4,79.9,0.1,4.8,2,,,2.36,36.5,13.6,200.2,1015.9,23.8,9.2,,,,,2024-01-08T08:04:28,2024-01-08T16:09:55,0.95,Partially cloudy,,partly-cloudy-day,
united kingdom,1/9/2024,47.4,39.6,43.6,0,0,33.2,37.8,80.4,0.05,0,0,,,1.97,38,12.8,201.8,1016.7,19.7,8.9,,,,,2024-01-09T08:03:59,2024-01-09T16:11:15,0.98,Clear,,clear-day,
united kingdom,1/10/2024,47.6,40,44,0,0,35.5,38.7,82.3,0.08,0,0,,,1.61,42.7,13,207.2,1016.3,27,8,,,,,2024-01-10T08:03:27,2024-01-10T16:12:38,1,Partially cloudy,,partly-cloudy-day,
united kingdom,1/11/2024,47.4,40.2,44.1,0,0,35.1,37.8,79.5,0.11,0,0,,,0.87,34.2,13.9,219.1,1016.9,26.8,8.5,,,,,2024-01-11T08:02:51,2024-01-11T16:14:03,0,Partially cloudy,,partly-cloudy-day,
united kingdom,1/12/2024,47.4,39.6,44.1,0,0,33.7,38,79.8,0.09,0,0,,,0.79,34,15.2,205.9,1016.3,25,8.8,,,,,2024-01-12T08:02:13,2024-01-12T16:15:29,0.01,Partially cloudy,,partly-cloudy-day,
united kingdom,1/13/2024,48.1,41.3,44.9,0,0,34.4,38.2,77.9,0.08,5,2,,,2.17,36,14.3,215.1,1013.5,20.7,9.9,,,,,2024-01-13T08:01:31,2024-01-13T16:16:58,0.03,Partially cloudy,,partly-cloudy-day,
united kingdom,1/14/2024,46.7,39.6,43.1,0,0,34.8,36.8,78.7,0.06,0,0,,,1.81,35.6,13.4,218.5,1015.4,23.5,9.5,,,,,2024-01-14T08:00:47,2024-01-14T16:18:28,0.06,Partially cloudy,,partly-cloudy-day,
united kingdom,1/15/2024,48.3,40.5,44.7,0,0,34.6,38.7,79.9,0.07,0,0,,,,36.7,14.3,204.5,1013.2,23.8,9,,,,,2024-01-15T07:59:59,2024-01-15T16:20:00,0.11,Partially cloudy,,partly-cloudy-day,
united kingdom,1/16/2024,47.4,40.2,43.8,0,0,33.2,37.5,78.9,0.06,4.8,2,,,,28.2,14.5,205.9,1012.4,23.1,9.7,,,,,2024-01-16T07:59:09,2024-01-16T16:21:34,0.16,Partially cloudy,,partly-cloudy-day,
united kingdom,1/17/2024,46.5,38.6,42.7,0,0,33.9,36.8,79.9,0.11,4.8,2,,,0.39,34,13.2,207.6,1013.6,21.1,9.7,,,,,2024-01-17T07:58:15,2024-01-17T16:23:09,0.21,Partially cloudy,,partly-cloudy-day,
united kingdom,1/18/2024,47.2,38.4,43.1,0,0,32.6,36.6,78.7,0.09,4.8,2,,,2.44,35.8,15.4,209.2,1013.7,21.7,9.8,,,,,2024-01-18T07:57:19,2024-01-18T16:24:45,0.27,Partially cloudy,,partly-cloudy-day,
united kingdom,1/19/2024,47.6,40.2,44,0,0,34.4,38,79.5,0.08,0,0,,,2.01,,13.4,217.3,1013.8,25.9,9.1,,,,,2024-01-19T07:56:20,2024-01-19T16:26:23,0.32,Partially cloudy,,partly-cloudy-day,
united kingdom,1/20/2024,46.8,39.8,43.4,0,0,34.1,37.7,80.5,0.04,0,0,,,1.77,35.8,13.9,209.9,1013.7,31.1,8.1,,,,,2024-01-20T07:55:18,2024-01-20T16:28:02,0.37,Partially cloudy,,partly-cloudy-day,
united kingdom,1/21/2024,47,38.9,42.7,0,0,34.1,36.4,79,0.05,0,0,,,2.09,19.7,13.4,218.4,1014.5,26.7,7.3,,,,,2024-01-21T07:54:14,2024-01-21T16:29:42,0.41,Partially cloudy,,partly-cloudy-day,
united kingdom,1/22/2024,46.7,38.7,42.7,0,0,34.1,36.6,79.4,0.1,0,0,,,1.38,,12.8,195.4,1014.1,26.2,7.8,,,,,2024-01-22T07:53:07,2024-01-22T16:31:24,0.45,Partially cloudy,,partly-cloudy-day,
united kingdom,1/23/2024,46.5,38.9,42.9,0,0,34.1,36.9,80.4,0.06,0,0,,,0.79,24.6,12.8,220.2,1016,26.9,8.9,,,,,2024-01-23T07:51:57,2024-01-23T16:33:06,0.48,Partially cloudy,,partly-cloudy-day,
united kingdom,1/24/2024,47.2,38.4,42.9,0,0,33.3,36.8,79.3,0.06,0,0,,,,27.1,11.6,217.1,1017.8,23.9,9.4,,,,,2024-01-24T07:50:45,2024-01-24T16:34:50,0.49,Partially cloudy,,partly-cloudy-day,
united kingdom,1/25/2024,47.7,38.9,43.4,0,0,33.7,37.3,79.8,0.04,0,0,,,,40.9,13.9,193,1018.4,27.2,9.8,,,,,2024-01-25T07:49:30,2024-01-25T16:36:34,0.5,Partially cloudy,,partly-cloudy-day,
united kingdom,1/26/2024,46.8,39.1,43.2,0,0,32.1,36.6,78,0.05,0,0,,,,37.6,13.4,193.8,1016,28,9.6,,,,,2024-01-26T07:48:13,2024-01-26T16:38:19,0.51,Partially cloudy,,partly-cloudy-day,
united kingdom,1/27/2024,48.1,38.9,43.2,0,0,33,36.2,77,0.05,0,0,,,,40,15.2,217.7,1015.6,23,9.8,,,,,2024-01-27T07:46:54,2024-01-27T16:40:05,0.52,Partially cloudy,,partly-cloudy-day,
united kingdom,1/28/2024,47.6,38.9,43.2,0,0,32.3,35.7,75.2,0.02,0,0,,,0.79,34.7,17,221.7,1015.1,22.6,10.6,,,,,2024-01-28T07:45:32,2024-01-28T16:41:51,0.53,Partially cloudy,,partly-cloudy-day,
united kingdom,1/29/2024,46.8,39.5,43.4,0,0,33.9,36.8,78.1,0.06,0,0,,,0.71,35.3,13.9,204,1014.5,25.3,9.9,,,,,2024-01-29T07:44:08,2024-01-29T16:43:39,0.56,Partially cloudy,,partly-cloudy-day,
united kingdom,1/30/2024,46.1,39.1,42.5,0,0,31.9,35.7,77.2,0.07,0,0,,,2.44,42.1,14.1,211.5,1015,33.1,9.4,,,,,2024-01-30T07:42:42,2024-01-30T16:45:26,0.6,Partially cloudy,,partly-cloudy-day,
united kingdom,1/31/2024,46.3,38,42.5,0,0,31,36,78.6,0.05,0,0,,,,34.2,16.3,203.7,1013.5,29.2,8.6,,,,,2024-01-31T07:41:14,2024-01-31T16:47:14,0.64,Partially cloudy,,partly-cloudy-day,
united kingdom,2/1/2024,47,39.5,43.4,0,0,32.1,36.6,77.6,0.13,0,0,,,1.02,37.8,15,214.8,1013.7,30.2,8.6,,,,,2024-02-01T07:39:44,2024-02-01T16:49:03,0.68,Partially cloudy,,partly-cloudy-day,
united kingdom,2/2/2024,46.7,39.5,43.2,0,0,31.4,35.5,74.7,0.07,0,0,,,2.76,30.6,14.1,228.2,1015.9,31,9.6,,,,,2024-02-02T07:38:11,2024-02-02T16:50:52,0.73,Partially cloudy,,partly-cloudy-day,
united kingdom,2/3/2024,47.2,38.2,42.9,0,0,31.7,35.7,76.3,0.04,0,0,,,2.24,34.2,13,212,1016.1,30.9,9.9,,,,,2024-02-03T07:36:37,2024-02-03T16:52:41,0.78,Partially cloudy,,partly-cloudy-day,
united kingdom,2/4/2024,48.8,41.3,44.9,0,0,35,38.4,78.4,0.08,0,0,,,1.54,36.2,15,203.5,1015,30.4,9.1,,,,,2024-02-04T07:35:01,2024-02-04T16:54:31,0.83,Partially cloudy,,partly-cloudy-day,
united kingdom,2/5/2024,47.9,41.6,44.7,0,0,34.8,38.7,79.8,0.08,0,0,,,3.54,32.2,13.6,211.3,1011.7,29.6,8.6,,,,,2024-02-05T07:33:23,2024-02-05T16:56:20,0.88,Partially cloudy,,partly-cloudy-day,
united kingdom,2/6/2024,47.4,40.9,44.3,0,0,35.5,37.3,77.2,0.08,0,0,,,1.61,32.7,14.5,208.2,1012.8,31.5,9.1,,,,,2024-02-06T07:31:43,2024-02-06T16:58:10,0.92,Partially cloudy,,partly-cloudy-day,
united kingdom,2/7/2024,48.1,39.3,43.4,0,0,33.9,35.3,73.8,0.06,4.8,2,,,0.79,38,14.3,224.8,1013.9,20.5,10.6,,,,,2024-02-07T07:30:01,2024-02-07T17:00:00,0.96,Partially cloudy,,partly-cloudy-day,
united kingdom,2/8/2024,47.4,38.9,43.1,0,0,31.9,35.3,75.2,0.13,4.8,2,,,,44.5,14.5,202.1,1012.5,26.7,9.4,,,,,2024-02-08T07:28:18,2024-02-08T17:01:50,0.99,Partially cloudy,,partly-cloudy-day,
united kingdom,2/9/2024,46.1,38.2,42.2,0,0,31.9,33.7,73.2,0.06,4.8,2,,,,37.8,12.8,206.8,1014.5,23.3,11,,,,,2024-02-09T07:26:33,2024-02-09T17:03:40,1,Partially cloudy,,partly-cloudy-day,
united kingdom,2/10/2024,46.5,38.4,42.3,0,0,32.3,35.3,77.3,0.11,4.8,2,,,0.83,30.9,13,200.9,1014.6,28.6,10.1,,,,,2024-02-10T07:24:46,2024-02-10T17:05:31,0,Partially cloudy,,partly-cloudy-day,
united kingdom,2/11/2024,47.4,38.9,43.1,0,0,32.1,36.4,78,0.09,4.8,2,,,0.39,36.9,11.6,200.7,1017.1,30.5,9.1,,,,,2024-02-11T07:22:58,2024-02-11T17:07:21,0.02,Partially cloudy,,partly-cloudy-day,
united kingdom,2/12/2024,47.6,38.9,43.4,0,0,33.2,36.9,78.8,0.14,0,0,,,,38.5,11.9,190.4,1017.9,29.4,8.2,,,,,2024-02-12T07:21:08,2024-02-12T17:09:11,0.05,Partially cloudy,,partly-cloudy-day,
united kingdom,2/13/2024,46.8,39.5,43.1,0,0,33.7,35.5,75.3,0.04,4.8,2,,,,32,13,187.7,1017.8,24.7,9.3,,,,,2024-02-13T07:19:17,2024-02-13T17:11:01,0.09,Partially cloudy,,partly-cloudy-day,
united kingdom,2/14/2024,48.3,38.2,42.9,0,0,32.8,35.5,75.7,0.11,4.8,2,,,,44.5,11.6,184.9,1017.7,20.9,9.4,,,,,2024-02-14T07:17:24,2024-02-14T17:12:51,0.14,Partially cloudy,,partly-cloudy-day,
united kingdom,2/15/2024,48.5,38.9,43.8,0,0,33.5,36.4,76.3,0.04,0,0,,,,39.1,13,179.5,1018.8,23.4,9.7,,,,,2024-02-15T07:15:30,2024-02-15T17:14:41,0.19,Partially cloudy,,partly-cloudy-day,
united kingdom,2/16/2024,48.3,38.7,43.4,0,0,34.1,35.1,74,0.06,4.8,2,,,,,11.4,187.2,1019.7,23,9.9,,,,,2024-02-16T07:13:35,2024-02-16T17:16:30,0.24,Partially cloudy,,partly-cloudy-day,
united kingdom,2/17/2024,49.4,38.7,43.6,0,0,34.2,36,76.1,0.03,0,0,,,,24.2,10.7,182.9,1019.5,25.2,8.1,,,,,2024-02-17T07:11:38,2024-02-17T17:18:20,0.3,Partially cloudy,,partly-cloudy-day,
united kingdom,2/18/2024,48.8,39.1,43.8,0,0,34.8,37.3,78.7,0.05,0,0,,,,19.7,12.1,177.1,1018.5,25.3,8.1,,,,,2024-02-18T07:09:41,2024-02-18T17:20:09,0.35,Partially cloudy,,partly-cloudy-day,
united kingdom,2/19/2024,48.1,39.1,43.6,0,0,33.5,36.8,78,0.06,9.5,4,,,,30,13,215.7,1017.1,26.9,8.9,,,,,2024-02-19T07:07:42,2024-02-19T17:21:58,0.39,Partially cloudy,,partly-cloudy-day,
united kingdom,2/20/2024,48.6,39.5,44,0,0,33,36.8,76.6,0.05,0,0,,,0,35.8,13.4,206.5,1016.2,21.9,9.1,,,,,2024-02-20T07:05:42,2024-02-20T17:23:47,0.43,Partially cloudy,,partly-cloudy-day,
united kingdom,2/21/2024,49.7,40.2,44.7,0,0,33.3,37.1,75.5,0.05,0,0,,,,29.8,13.6,187.8,1016.6,24.2,9.5,,,,,2024-02-21T07:03:40,2024-02-21T17:25:35,0.46,Partially cloudy,,partly-cloudy-day,
united kingdom,2/22/2024,48.6,40.7,44.3,0,0,33.9,36.6,75.1,0.06,0,0,,,0.39,34.7,15.7,176.7,1015.1,26.8,10.3,,,,,2024-02-22T07:01:38,2024-02-22T17:27:24,0.48,Partially cloudy,,partly-cloudy-day,
united kingdom,2/23/2024,48.6,40.5,44.5,0,0,33.5,36.4,74.1,0.06,4.8,2,,,,41.2,14.5,198.7,1014.5,26,10.8,,,,,2024-02-23T06:59:35,2024-02-23T17:29:12,0.5,Partially cloudy,,partly-cloudy-day,
united kingdom,2/24/2024,49.7,40.4,44.5,0,0,33.9,36.4,74.3,0.04,0,0,,,,36,12.3,188.9,1015.5,29.4,9.6,,,,,2024-02-24T06:57:30,2024-02-24T17:30:59,0.5,Partially cloudy,,partly-cloudy-day,
united kingdom,2/25/2024,49.2,39.8,44.3,0,0,34.1,35.7,72.8,0.1,0,0,,,,30.4,13.4,207.3,1016.2,25.3,10.3,,,,,2024-02-25T06:55:25,2024-02-25T17:32:47,0.51,Partially cloudy,,partly-cloudy-day,
united kingdom,2/26/2024,50.3,40,45,0,0,34.6,35.9,71.7,0.06,0,0,,,,30.9,15,193.2,1014.2,28.6,10.8,,,,,2024-02-26T06:53:19,2024-02-26T17:34:34,0.52,Partially cloudy,,partly-cloudy-day,
united kingdom,2/27/2024,49,39.5,44,0,0,34.8,35.9,74.1,0.09,0,0,,,,27.1,13.6,200.3,1012.4,27.8,11.1,,,,,2024-02-27T06:51:12,2024-02-27T17:36:21,0.54,Partially cloudy,,partly-cloudy-day,
united kingdom,2/28/2024,47.4,39.5,43.1,0,0,32.6,35.7,75.8,0.09,4.8,2,,,0.91,27.5,15,187.6,1010.3,27.4,10.3,,,,,2024-02-28T06:49:04,2024-02-28T17:38:08,0.57,Partially cloudy,,partly-cloudy-day,
united kingdom,2/29/2024,47.4,39.5,43.1,0,0,32.6,35.7,75.8,0.09,4.8,2,,,0.91,27.5,15,187.6,1010.3,27.4,10.3,,,,,2024-02-29T06:46:56,2024-02-29T17:39:54,0.61,Partially cloudy,,partly-cloudy-day,
